"pos","Wine","Vintage","GWS","CI","NBJ","_id","_vintageId"
97,"Chateau Ausone, Saint Emilion Grand Cru",2015,98.84,"A+",19,1152417,14705073
9,"Chateau D'Yquem, Blanc, Sauternes",1811,100,"A",3,1153863,7865524
12,"Chateau D'Yquem, Blanc, Sauternes",1847,100,"A+",3,1153863,6549226
82,"Chateau D'Yquem, Blanc, Sauternes",1945,98.96,"B",5,1153863,3595824
96,"Chateau D'Yquem, Blanc, Sauternes",2015,98.84,"A+",20,1153863,14207721
34,"Chateau De Beaucastel, Grand Cuvee Hommage A Jacques Perrin, Chateauneuf Du Pape",2016,99.57,"A+",6,2080162,93485686
76,"Chateau De Beaucastel, Grand Cuvee Hommage A Jacques Perrin, Chateauneuf Du Pape",2007,99.02,"A",9,2080162,3925832
94,"Chateau De Beaucastel, Grand Cuvee Hommage A Jacques Perrin, Chateauneuf Du Pape",1989,98.84,"A",7,2080162,4014173
27,"Chateau Haut Brion, Pessac Leognan",1989,99.64,"A+",11,1152755,1510217
59,"Chateau Haut Brion, Pessac Leognan",2016,99.17,"A+",20,1152755,89705881
50,"Chateau La Mission Haut Brion, Pessac Leognan",1955,99.37,"A+",4,1605285,1576079
5,"Chateau Lafite Rothschild, Pauillac",1953,100,"B",3,3908,1330609
93,"Chateau Lafite Rothschild, Pauillac",1959,98.84,"A+",7,3908,1269964
7,"Chateau Lafleur, Pomerol",1950,100,"A+",4,1099307,1581916
78,"Chateau Lafleur, Pomerol",1982,99,"B",9,1099307,1918183
39,"Chateau Latour, Pauillac",2010,99.49,"A+",17,1224338,2618952
46,"Chateau Latour, Pauillac",2016,99.41,"A+",18,1224338,90801852
75,"Chateau Latour, Pauillac",1961,99.03,"A+",7,1224338,3565049
86,"Chateau Latour, Pauillac",1982,98.92,"B+",10,1224338,1856281
67,"Chateau Leoville Las Cases, Grand Vin De Leoville, Saint Julien",2016,99.07,"A+",20,,
31,"Chateau Margaux, Margaux",2015,99.62,"A+",20,1720306,14174579
53,"Chateau Margaux, Margaux",2000,99.3,"A+",11,1720306,3708326
92,"Chateau Margaux, Margaux",2009,98.85,"A",18,1720306,2773791
38,"Chateau Mouton Rothschild, Pauillac",2016,99.5,"A+",20,1684223,84933340
40,"Chateau Mouton Rothschild, Pauillac",1945,99.49,"B",6,1684223,3662574
58,"Chateau Rayas, Reserve, Chateauneuf Du Pape",1990,99.17,"A",5,87554,12935280
95,"Clos Saint Jean, Sanctus Sanctorum, Chateauneuf Du Pape",2010,98.84,"A",4,3151802,17238980
16,"Coche Dury, Blanc, Corton Charlemagne Grand Cru",2014,99.97,"A+",3,1266116,7387376
69,"Domaine Armand Rousseau Pere Et Fils, Chambertin Grand Cru",2005,99.05,"B",4,,
63,"Domaine De La Janasse, Vieilles Vignes, Chateauneuf Du Pape",2007,99.13,"A",3,75855,86049
26,"Domaine De La Romanee Conti, Blanc, Montrachet Grand Cru",2014,99.65,"C+",3,83919,4492471
14,"Domaine De La Romanee Conti, La Tache Grand Cru",1999,100,"B",3,83911,1576106
24,"Domaine De La Romanee Conti, La Tache Grand Cru",1990,99.7,"A",5,83911,1382345
25,"Domaine De La Romanee Conti, La Tache Grand Cru",2015,99.66,"A+",6,83911,14163218
81,"Domaine De La Romanee Conti, Richebourg Grand Cru",2015,98.96,"A",6,83913,15784918
1,"Domaine De La Romanee Conti, Romanee Conti Grand Cru",2005,100,"A+",4,83912,1173142
10,"Domaine De La Romanee Conti, Romanee Conti Grand Cru",1999,100,"A+",3,83912,1406776
11,"Domaine De La Romanee Conti, Romanee Conti Grand Cru",2015,100,"A+",6,83912,14170698
13,"Domaine De La Romanee Conti, Romanee Conti Grand Cru",2012,100,"A",4,83912,1635384
17,"Domaine De La Romanee Conti, Romanee Conti Grand Cru",2010,99.85,"B+",5,83912,1635383
22,"Domaine De La Romanee Conti, Romanee Conti Grand Cru",2009,99.71,"A+",5,83912,1501106
36,"Domaine De La Romanee Conti, Romanee Conti Grand Cru",2016,99.52,"A+",6,83912,86371765
44,"Domaine De La Romanee Conti, Romanee Conti Grand Cru",2006,99.41,"A+",3,83912,1345721
49,"Domaine De La Romanee Conti, Romanee Conti Grand Cru",2008,99.38,"A",5,83912,1187098
91,"Domaine De La Romanee Conti, Romanee Conti Grand Cru",2001,98.85,"A+",4,83912,1439720
54,"Domaine Des Comtes Lafon, Blanc, Montrachet Grand Cru",2002,99.27,"A",4,79939,2158577
2,"Domaine Du Comte Liger Belair, Monopole, La Romanee Grand Cru",1911,100,"A",3,2273709,118580015
87,"Domaine Du Pegau, Cuvee Da Capo, Chateauneuf Du Pape",2007,98.91,"A",4,36044,1371701
6,"Domaine Georges & Christophe Roumier, Musigny Grand Cru",2005,100,"A",4,1451659,2867218
72,"Domaine Georges & Christophe Roumier, Musigny Grand Cru",2015,99.04,"B+",6,1451659,154954251
89,"Domaine Georges & Christophe Roumier, Musigny Grand Cru",1995,98.88,"B+",4,1451659,4152596
20,"Domaine Jean Grivot, Richebourg Grand Cru",2015,99.76,"B+",4,1098876,145906168
35,"Domaine Jean-Louis Chave, Hermitage",2015,99.55,"A+",3,1181831,69438369
19,"Domaine Leroy, Chambertin Grand Cru",2010,99.82,"A+",4,,
21,"Domaine Leroy, Chambertin Grand Cru",2015,99.75,"A",6,,
29,"Domaine Leroy, Chambertin Grand Cru",2008,99.63,"B+",4,,
42,"Domaine Leroy, Chambertin Grand Cru",2002,99.45,"B+",3,,
43,"Domaine Leroy, Chambertin Grand Cru",2009,99.45,"A",4,,
47,"Domaine Leroy, Chambertin Grand Cru",2005,99.38,"A",3,,
77,"Domaine Leroy, Chambertin Grand Cru",2014,99.01,"B",5,,
80,"Domaine Leroy, Chambertin Grand Cru",2012,98.98,"B+",6,,
85,"Domaine Leroy, Chambertin Grand Cru",2011,98.92,"B+",4,,
60,"Domaine Leroy, Latricieres Chambertin Grand Cru",2015,99.16,"A+",6,1552178,152240301
15,"Domaine Leroy, Musigny Grand Cru",2010,100,"A",3,1895206,3953403
32,"Domaine Leroy, Musigny Grand Cru",2012,99.59,"A+",5,1895206,21978653
41,"Domaine Leroy, Musigny Grand Cru",2015,99.48,"A",6,1895206,54722826
51,"Domaine Leroy, Musigny Grand Cru",2008,99.35,"B",5,1895206,7079410
55,"Domaine Leroy, Musigny Grand Cru",2014,99.25,"B+",5,1895206,6586899
61,"Domaine Leroy, Musigny Grand Cru",2002,99.16,"A",3,1895206,11465516
88,"Domaine Leroy, Musigny Grand Cru",2011,98.9,"B",4,1895206,4005586
99,"Domaine Leroy, Musigny Grand Cru",2005,98.83,"B",3,1895206,5973053
3,"Domaine Leroy, Romanee Saint Vivant Grand Cru",2015,100,"A+",6,1564272,53548855
28,"Domaine Leroy, Romanee Saint Vivant Grand Cru",2012,99.63,"A+",5,1564272,4505623
37,"Domaine Leroy, Romanee Saint Vivant Grand Cru",2010,99.52,"B+",4,1564272,7624144
74,"Domaine Leroy, Romanee Saint Vivant Grand Cru",2011,99.03,"B+",4,1564272,4303089
90,"Domaine Leroy, Romanee Saint Vivant Grand Cru",2009,98.87,"B",3,1564272,4303109
66,"E. Guigal, La Landonne, Cote Rotie",2003,99.08,"A",9,36404,85080
52,"E. Guigal, La Mouline, Cote Rotie",1988,99.32,"B+",4,36434,1994664
56,"E. Guigal, La Mouline, Cote Rotie",1985,99.24,"A",6,36434,2970251
57,"E. Guigal, La Mouline, Cote Rotie",2015,99.23,"A",4,36434,19642897
73,"E. Guigal, La Turque, Cote Rotie",2015,99.04,"A+",4,1473611,17715743
45,"F E Trimbach, Riesling Clos Sainte Hune, Blanc, Alsace",1990,99.41,"B",4,,
30,"Krug, Clos Du Mesnil Blanc De Blancs Brut, Blanc, Champagne",1996,99.62,"B",3,79635,94534
4,"Leroy Domaine D'Auvenay, Blanc, Chevalier Montrachet Grand Cru",2002,100,"A+",3,,
8,"Leroy Domaine D'Auvenay, Blanc, Chevalier Montrachet Grand Cru",2008,100,"A",3,,
33,"Leroy Domaine D'Auvenay, Blanc, Chevalier Montrachet Grand Cru",2012,99.59,"A+",3,,
48,"Leroy Domaine D'Auvenay, Blanc, Chevalier Montrachet Grand Cru",2010,99.38,"B",5,,
62,"Leroy Domaine D'Auvenay, Blanc, Criots-Batard-Montrachet",2012,99.14,"B+",3,,
18,"Leroy Domaine D'Auvenay, Bonnes Mares Grand Cru",2012,99.82,"A+",3,,
64,"M. Chapoutier, L'Ermite Blanc, Blanc, Hermitage",2004,99.12,"A",3,,
68,"M. Chapoutier, L'Ermite Blanc, Blanc, Hermitage",2003,99.06,"B",3,,
71,"Michel Stephane Ogier, La Belle Helene, Cote Rotie",1999,99.04,"B+",3,1109691,3051140
23,"Paul Jaboulet Aine, La Chapelle, Hermitage",1961,99.7,"A+",3,10922,88796
84,"Paul Jaboulet Aine, La Chapelle, Hermitage",2015,98.92,"B+",5,10922,19603131
65,"Petrus, Pomerol",2018,99.11,"A+",14,1166837,156099048
70,"Petrus, Pomerol",2009,99.04,"A+",19,1166837,1746707
79,"Petrus, Pomerol",2016,98.98,"A+",20,1166837,87613428
83,"Petrus, Pomerol",2015,98.94,"A+",19,1166837,14162009
98,"Petrus, Pomerol",2000,98.83,"B+",11,1166837,1859168
100,"Petrus, Pomerol",2010,98.82,"A+",20,1166837,1941165
60,"Abreu Vineyard, Las Posadas, Howell Mountain",2013,98.24,"B",3,4827751,147207870
63,"Abreu Vineyard, Las Posadas, Howell Mountain",2015,98.21,"A+",4,4827751,154314400
5,"Abreu Vineyard, Madrona Ranch Cabernet Sauvignon, Napa Valley",2002,99.7,"A+",3,18199,2729890
14,"Abreu Vineyard, Madrona Ranch Cabernet Sauvignon, Napa Valley",2001,99.04,"A",3,18199,98392
19,"Abreu Vineyard, Madrona Ranch Cabernet Sauvignon, Napa Valley",2012,98.95,"B",5,18199,13991049
24,"Abreu Vineyard, Madrona Ranch Cabernet Sauvignon, Napa Valley",2013,98.82,"A",3,18199,4175254
26,"Abreu Vineyard, Madrona Ranch Cabernet Sauvignon, Napa Valley",2015,98.78,"A+",5,18199,24871510
87,"Abreu Vineyard, Madrona Ranch Cabernet Sauvignon, Napa Valley",2009,97.83,"B",3,18199,1962671
95,"Abreu Vineyard, Madrona Ranch Cabernet Sauvignon, Napa Valley",2007,97.71,"A+",3,18199,2110726
2,"Abreu Vineyard, Thorevilos Cabernet Sauvignon, Napa Valley",2013,100,"A",3,79993,15895984
6,"Abreu Vineyard, Thorevilos Cabernet Sauvignon, Napa Valley",2007,99.52,"A+",3,79993,1722790
8,"Abreu Vineyard, Thorevilos Cabernet Sauvignon, Napa Valley",2015,99.43,"A+",5,79993,29619555
53,"Abreu Vineyard, Thorevilos Cabernet Sauvignon, Napa Valley",2012,98.33,"A+",4,79993,16050174
49,"Beringer Vineyards, Private Reserve Cabernet Sauvignon, Napa Valley",2015,98.38,"C",3,73673,15574906
52,"Bond Estates, Pluribus Red, Napa Valley",2015,98.35,"A",3,,
98,"Bond Estates, St Eden Red, Napa Valley",2002,97.65,"B",3,,
57,"Bond Estates, Vecina Red, Napa Valley",2015,98.27,"A+",3,,
66,"Bryant Family Vineyard, Cabernet Sauvignon, Napa Valley",2004,98.18,"A",3,1645873,2697811
70,"Bryant Family Vineyard, Cabernet Sauvignon, Napa Valley",2014,98.07,"B",5,1645873,12224662
99,"Cayuse Vineyards, Bionic Frog Syrah, Walla Walla Valley",2010,97.64,"B",4,1145385,2251844
43,"Cayuse Vineyards, En Chamberlin Vineyard Syrah, Walla Walla Valley",2009,98.42,"A+",4,1150484,1538703
39,"Chappellet, Pritchard Hill Cabernet Sauvignon, Napa Valley",2015,98.56,"C+",5,1128247,14643232
90,"Chappellet, Pritchard Hill Cabernet Sauvignon, Napa Valley",2014,97.79,"A+",3,1128247,14643182
94,"Chappellet, Pritchard Hill Cabernet Sauvignon, Napa Valley",2016,97.74,"B",3,1128247,99614060
40,"Colgin Cellars, Cariad Red, Napa Valley",2007,98.49,"B+",5,,
34,"Colgin Cellars, Ix Estate Red, Napa Valley",2013,98.66,"A",6,8023,16050393
55,"Colgin Cellars, Ix Estate Red, Napa Valley",2002,98.31,"B+",4,8023,2456742
61,"Colgin Cellars, Ix Estate Red, Napa Valley",2015,98.23,"B+",5,8023,15786962
27,"Colgin Cellars, Tychson Hill Vineyard Cabernet Sauvignon, Napa Valley",2015,98.77,"A",5,8025,76939007
32,"Colgin Cellars, Tychson Hill Vineyard Cabernet Sauvignon, Napa Valley",2002,98.67,"A+",4,8025,92936
3,"Continuum, Proprietary Red, Oakville",2015,99.85,"C",3,1104820,18713657
71,"Corison, Kronos Vineyard Cabernet Sauvignon, Napa Valley",2015,98.05,"C",3,1179956,26769700
100,"Dalla Valle Vineyards, Maya, Napa Valley",2010,97.63,"B",5,,
12,"Dana Estates, Lotus Vineyard Cabernet Sauvignon, Napa Valley",2010,99.08,"B",3,1612085,3136069
74,"Dana Estates, Lotus Vineyard Cabernet Sauvignon, Napa Valley",2013,98.02,"A+",3,1612085,9472279
21,"Dominus Estate, Christian Moueix, Napa Valley",2013,98.9,"B",6,9958,2056770
92,"Dominus Estate, Christian Moueix, Napa Valley",2015,97.76,"B",4,9958,15223766
17,"Dunn Vineyards, Trailer Vineyard Cabernet Sauvignon, Howell Mountain",2013,98.97,"B",3,,
37,"Futo Estate, 5500 Sld - Cabernet Sauvignon, Stags Leap District",2015,98.63,"B+",3,1144511,23893678
18,"Harlan Estate, Napa Valley",2002,98.96,"B",6,,
22,"Harlan Estate, Napa Valley",2001,98.89,"A+",6,,
25,"Harlan Estate, Napa Valley",1997,98.78,"B",4,,
28,"Harlan Estate, Napa Valley",2007,98.76,"A",7,,
33,"Harlan Estate, Napa Valley",2013,98.66,"A",8,,
44,"Harlan Estate, Napa Valley",2010,98.41,"B",8,,
72,"Harlan Estate, Napa Valley",2015,98.04,"A+",5,,
78,"Hundred Acre, Ark Vineyard Cabernet Sauvignon, Howell Mountain",2012,97.93,"C+",3,1637962,7081926
76,"Hundred Acre, Deep Time Cabernet Sauvignon, Napa Valley",2009,97.99,"B",3,4110291,111145575
23,"Hundred Acre, Few And Far Between Cabernet Sauvignon, Napa Valley",2012,98.88,"B",3,4110288,114771893
79,"Hundred Acre, Few And Far Between Cabernet Sauvignon, Napa Valley",2013,97.93,"C+",3,4110288,126346084
38,"Hundred Acre, Fortification Port, Napa Valley",2005,98.62,"B",3,,
83,"Hundred Acre, Fortification Port, Napa Valley",2007,97.87,"C+",3,,
82,"Hundred Acre, Kayli Morgan Vineyard Cabernet Sauvignon, Napa Valley",2005,97.87,"B",4,84351,1431575
97,"Hundred Acre, Kayli Morgan Vineyard Cabernet Sauvignon, Napa Valley",2002,97.66,"B",4,84351,1921316
69,"Joseph Phelps Vineyards, Insignia, Napa Valley",1991,98.13,"B",3,16587,1717304
81,"Kapcsandy Family Winery, Rapszodia, Yountville",2015,97.89,"A+",3,4099870,154954253
1,"Kapcsandy Family Winery, State Lane Vineyard Grand-Vin Cabernet Sauvignon, Napa Valley",2015,100,"B",4,1380850,148629840
86,"Kapcsandy Family Winery, State Lane Vineyard Roberta'S Reserve, Napa Valley",2013,97.83,"C+",3,10365,16050642
15,"Kongsgaard, The Judge Chardonnay, White, Napa Valley",2005,99,"B",3,11638,1849413
77,"Kongsgaard, The Judge Chardonnay, White, Napa Valley",2013,97.94,"B",3,11638,10443499
58,"Lail Vineyards, J. Daniel Cuvee Cabernet Sauvignon, Napa Valley",2015,98.26,"C+",4,1807658,21799281
84,"Larkmead Vineyards, The Lark Cabernet Sauvignon, Napa Valley",2013,97.86,"B",3,,
56,"Lokoya Winery, Cabernet Sauvignon, Spring Mountain District",2015,98.3,"C+",4,83718,147273323
7,"Lokoya Winery, Mount Veeder Cabernet Sauvignon, Napa Valley",2015,99.5,"C+",4,,
96,"Paul Hobbs, Beckstoffer To Kalon Vineyard Cabernet Sauvignon, Oakville",2013,97.71,"B",4,87360,13249150
31,"Peter Michael Winery, Au Paradis Cabernet Sauvignon, Oakville",2015,98.69,"C",3,3075039,78356173
59,"Quilceda Creek, Cabernet Sauvignon, Columbia Valley",2003,98.24,"B+",5,1145391,1180819
85,"Quilceda Creek, Cabernet Sauvignon, Columbia Valley",2009,97.84,"A+",6,1145391,1314532
4,"Ridge Vineyards, Monte Bello, Santa Cruz Mountains",2015,99.71,"C+",4,3715,19956848
93,"Rivers-Marie, Lore Vineyard Cabernet Sauvignon, Oakville",2016,97.76,"A+",3,1544712,145173248
45,"Robert Mondavi Winery, To Kalon Vineyard Reserve Cabernet Sauvignon, Oakville",2015,98.4,"C",3,4948838,148857137
48,"Scarecrow, Cabernet Sauvignon, Rutherford",2015,98.39,"B+",3,1611255,14187320
50,"Scarecrow, Cabernet Sauvignon, Rutherford",2014,98.37,"B+",4,1611255,3974206
68,"Scarecrow, Cabernet Sauvignon, Rutherford",2013,98.16,"B",3,1611255,6805758
67,"Schrader Cellars, Beckstoffer Las Piedras Vineyard Colesworthy Cabernet Sauvignon, Napa Valley",2013,98.17,"A",4,5013884,149715604
35,"Schrader Cellars, Beckstoffer To Kalon Vineyard Cabernet Sauvignon, Napa Valley",2013,98.66,"A",4,1562648,24565752
64,"Schrader Cellars, Beckstoffer To Kalon Vineyard Cabernet Sauvignon, Napa Valley",2012,98.2,"B+",3,1562648,15748678
46,"Schrader Cellars, Ccs Beckstoffer To Kalon Vineyard Cabernet Sauvignon, Napa Valley",2013,98.39,"B",4,1562648,24565752
51,"Schrader Cellars, Ccs Beckstoffer To Kalon Vineyard Cabernet Sauvignon, Napa Valley",2015,98.36,"B",3,1562648,153102712
80,"Schrader Cellars, Ccs Beckstoffer To Kalon Vineyard Cabernet Sauvignon, Napa Valley",2005,97.92,"B",3,1562648,5003215
20,"Schrader Cellars, Old Sparky Beckstoffer To Kalon Vineyard Cabernet Sauvignon, Napa Valley",2013,98.92,"B+",3,1144145,9010514
91,"Schrader Cellars, Old Sparky Beckstoffer To Kalon Vineyard Cabernet Sauvignon, Napa Valley",2010,97.76,"B+",3,1144145,3771823
89,"Schrader Cellars, Rbs Beckstoffer To Kalon Vineyard Cabernet Sauvignon, Napa Valley",2010,97.79,"A+",4,1562648,12747228
36,"Schrader Cellars, T6 Beckstoffer To Kalon Vineyard Cabernet Sauvignon, Napa Valley",2006,98.65,"B",3,1562648,15863059
42,"Schrader Cellars, T6 Beckstoffer To Kalon Vineyard Cabernet Sauvignon, Napa Valley",2015,98.44,"B",3,1562648,153102712
9,"Screaming Eagle, Cabernet Sauvignon, Napa Valley",2016,99.43,"B",3,,
11,"Screaming Eagle, Cabernet Sauvignon, Napa Valley",2010,99.31,"A",6,,
16,"Screaming Eagle, Cabernet Sauvignon, Napa Valley",2012,98.98,"A",8,,
29,"Screaming Eagle, Cabernet Sauvignon, Napa Valley",1992,98.74,"A",3,,
41,"Screaming Eagle, Cabernet Sauvignon, Napa Valley",2007,98.46,"B",5,,
47,"Screaming Eagle, Cabernet Sauvignon, Napa Valley",2013,98.39,"B+",8,,
65,"Screaming Eagle, Cabernet Sauvignon, Napa Valley",2015,98.19,"B",4,,
75,"Screaming Eagle, Cabernet Sauvignon, Napa Valley",2009,98.02,"B",5,,
30,"Venge Vineyards, Bone Ash Vineyard Cabernet Sauvignon, Napa Valley",2012,98.71,"C",3,1392968,6417283
10,"Verite, La Joie, Sonoma County",2015,99.37,"C+",4,10022,15842770
62,"Verite, La Joie, Sonoma County",2005,98.22,"B",4,10022,10656
13,"Verite, La Muse, Sonoma County",2007,99.04,"B",3,10021,1580997
54,"Verite, Le Desir, Sonoma County",2015,98.32,"A",4,10023,22564922
73,"Verite, Le Desir, Sonoma County",2012,98.04,"C+",3,10023,12511146
88,"Verite, Le Desir, Sonoma County",2007,97.82,"B",3,10023,1581160
94,"Altesino, Montosoli, Brunello Di Montalcino",2013,96.35,"C+",4,77472,6278907
36,"Bazzocchi Sanjust, Petrolo, Galatrona, Val d'Arno di Sopra",2004,97.17,"A+",5,,
54,"Bazzocchi Sanjust, Petrolo, Galatrona, Val d'Arno di Sopra",2007,96.92,"A",4,,
9,"Casanova Di Neri, Cerretalto, Brunello Di Montalcino",2010,98.86,"B",3,81836,1721111
59,"Casanova Di Neri, Cerretalto, Brunello Di Montalcino",2012,96.85,"B",5,81836,28986230
70,"Casanova Di Neri, Tenuta Nuova, Brunello Di Montalcino",2013,96.65,"B+",4,9712,1905168
79,"Casanova Di Neri, Tenuta Nuova, Brunello Di Montalcino",2006,96.49,"B+",6,9712,1198931
41,"Castello Dei Rampolla, Sammarco, Toscana",2010,97.11,"B",5,23390,2142940
51,"Castello Dei Rampolla, Vigna D'Alceo, Toscana",2010,96.93,"C+",5,1702712,7270785
53,"Castello Dei Rampolla, Vigna D'Alceo, Toscana",1999,96.92,"C+",3,1702712,2694682
57,"Castello Dei Rampolla, Vigna D'Alceo, Toscana",2007,96.89,"A",4,1702712,2994144
85,"Castello Dei Rampolla, Vigna D'Alceo, Toscana",2008,96.43,"C",3,1702712,2883157
48,"Castello Di Ama, Vigneto Bellavista, Chianti Classico Gran Selezione",1990,96.98,"B",3,1180658,1330016
27,"Dal Forno Romano, Vigneto Monte Lodoletta, Amarone Della Valpolicella Classico",2010,97.52,"B+",3,89750,1492543
56,"Elio Grasso, Gavarini Vigna Chiniera, Barolo",2008,96.89,"B+",3,22526,1415205
14,"Falletto Di Bruno Giacosa, Asili, Barbaresco Riserva",2007,98.18,"B+",4,5855091,155318930
15,"Falletto Di Bruno Giacosa, Asili, Barbaresco Riserva",2004,98.16,"C+",3,5855091,155771533
20,"Falletto Di Bruno Giacosa, Asili, Barbaresco Riserva",2000,97.88,"B",3,5855091,155578251
45,"Falletto Di Bruno Giacosa, Asili, Barbaresco Riserva",1996,97.02,"A",3,5855091,156884390
8,"Falletto Di Bruno Giacosa, Le Rocche Del Falletto, Barolo",2004,98.99,"B",4,1134557,2532986
10,"Falletto Di Bruno Giacosa, Le Rocche Del Falletto, Barolo",2007,98.85,"A",4,1134557,1356888
12,"Falletto Di Bruno Giacosa, Le Rocche Del Falletto, Barolo",2011,98.58,"B+",3,1134557,10875502
16,"Falletto Di Bruno Giacosa, Le Rocche Del Falletto, Barolo",2001,98.12,"B",3,1134557,2362577
76,"Fattoria Poggio Di Sotto, Brunello Di Montalcino Riserva",2010,96.53,"A",6,1458882,6751771
81,"Fattoria Poggio Di Sotto, Brunello Di Montalcino Riserva",2006,96.48,"A+",3,1458882,2058750
29,"Fontodi, Flaccianello della Pieve, Colli Toscana Centrale",2015,97.5,"C+",3,,
42,"Fontodi, Flaccianello della Pieve, Colli Toscana Centrale",2013,97.1,"B",4,,
93,"Fontodi, Flaccianello della Pieve, Colli Toscana Centrale",2010,96.37,"A",3,,
55,"Fuligni, Brunello Di Montalcino Riserva",2012,96.9,"C+",4,23272,4045260
90,"Gaja, Barbaresco, Barbaresco",1961,96.4,"C+",4,66104,1615102
86,"Gaja, Costa Russi, Langhe Barbaresco",1990,96.43,"B+",6,66114,1238174
91,"Gaja, Costa Russi, Langhe Barbaresco",2004,96.4,"B+",3,66114,83863
18,"Gaja, Sori San Lorenzo, Langhe Barbaresco",2007,98.07,"B",5,66144,1448126
43,"Gaja, Sori San Lorenzo, Langhe Barbaresco",1989,97.09,"B",4,66144,3628589
46,"Gaja, Sori San Lorenzo, Langhe Barbaresco",1997,97.01,"A",4,66144,83340
62,"Gaja, Sori San Lorenzo, Langhe Barbaresco",2010,96.75,"B+",5,66144,2665145
68,"Gaja, Sori San Lorenzo, Langhe Barbaresco",2001,96.67,"B+",4,66144,1218420
69,"Gaja, Sori San Lorenzo, Langhe Barbaresco",2013,96.67,"B",6,66144,3143044
83,"Gaja, Sori San Lorenzo, Langhe Barbaresco",1998,96.47,"B+",3,66144,1197154
87,"Gaja, Sori San Lorenzo, Langhe Barbaresco",1999,96.42,"B",5,66144,1291128
88,"Gaja, Sori San Lorenzo, Langhe Barbaresco",2015,96.41,"B",4,66144,17912087
89,"Gaja, Sori San Lorenzo, Langhe Barbaresco",2004,96.41,"C",3,66144,1216417
40,"Gaja, Sori Tildin, Langhe Rosso",2007,97.12,"B+",5,66134,1408103
99,"Gaja, Sori Tildin, Langhe Rosso",2010,96.23,"B+",5,66134,1774475
21,"Gaja, Sperss, Langhe",1997,97.85,"A+",4,66194,1190364
33,"Gaja, Sperss, Langhe",2007,97.21,"C+",3,66194,1274256
38,"Gaja, Sperss, Langhe",2006,97.14,"B+",4,66194,1201723
95,"Gaja, Sperss, Langhe",2010,96.35,"B",6,66194,2404649
96,"Gaja, Sperss, Langhe",2013,96.35,"A",7,66194,2207933
49,"Galardi, Terra di Lavoro, Roccamonfina",2001,96.98,"B",4,84062,1443753
52,"Giacomo Conterno, Francia, Barolo",2012,96.93,"B+",3,82203,5128110
5,"Giacomo Conterno, Monfortino, Barolo Riserva",2010,99.26,"A",8,82199,3889234
6,"Giacomo Conterno, Monfortino, Barolo Riserva",2006,99.13,"B+",4,82199,1638880
7,"Giacomo Conterno, Monfortino, Barolo Riserva",2013,99.02,"B+",3,82199,2459253
13,"Giacomo Conterno, Monfortino, Barolo Riserva",2008,98.53,"A+",4,82199,1243783
24,"Giacomo Conterno, Monfortino, Barolo Riserva",1999,97.76,"B",4,82199,1199466
44,"Giacomo Conterno, Monfortino, Barolo Riserva",2001,97.07,"C+",3,82199,120317
73,"Giacomo Conterno, Monfortino, Barolo Riserva",2002,96.58,"B",5,82199,1199465
77,"Giacomo Conterno, Monfortino, Barolo Riserva",2005,96.51,"A",4,82199,1537588
35,"Giuseppe Mascarello e Figlio, Monprivato, Barolo",2007,97.19,"A",3,1274818,1541416
71,"Giuseppe Mascarello e Figlio, Monprivato, Barolo",2008,96.63,"A",3,1274818,2055897
97,"Giuseppe Quintarelli, Amarone Della Valpolicella Classico",2007,96.33,"A+",3,84065,1503455
66,"Le Macchiole, Messorio, Toscana",2013,96.71,"B",6,16418,3301973
78,"Marchesi Antinori, Tenuta Guado al Tasso, Bolgheri",2015,96.51,"A+",4,1658,14222844
2,"Marchesi Antinori, Tenuta Tignanello, Solaia, Toscana",2015,99.82,"A+",4,,
4,"Marchesi Antinori, Tenuta Tignanello, Solaia, Toscana",2016,99.51,"B+",3,,
75,"Marchesi Antinori, Tenuta Tignanello, Solaia, Toscana",2010,96.55,"B",9,,
22,"Marchesi Antinori, Tenuta Tignanello, Tignanello, Toscana",2015,97.78,"B+",4,,
1,"Masseto, Toscana",2015,100,"A+",3,2446729,17261062
11,"Masseto, Toscana",2016,98.65,"C+",3,2446729,85345358
17,"Masseto, Toscana",2001,98.07,"C+",4,2446729,7201085
19,"Masseto, Toscana",2006,97.95,"B",6,2446729,6880159
23,"Masseto, Toscana",2010,97.77,"A",6,2446729,6457741
25,"Masseto, Toscana",2004,97.74,"C+",4,2446729,7372117
60,"Masseto, Toscana",2007,96.84,"C+",4,2446729,6410902
61,"Masseto, Toscana",2008,96.78,"C+",3,2446729,6659265
37,"Montevertine, Le Pergole Torte, Toscana",2013,97.16,"A",3,15292,3698729
92,"Montevertine, Le Pergole Torte, Toscana",2015,96.37,"B",3,15292,15510776
47,"Ornellaia, Bolgheri",2006,96.99,"A+",4,22447,23899
50,"Ornellaia, Bolgheri",2015,96.95,"C+",4,22447,14146987
82,"Ornellaia, Bolgheri",2010,96.47,"B+",5,22447,2645641
58,"Roberto Voerzio, Cerequio, Barolo",2007,96.86,"B",3,77305,1495198
67,"Roberto Voerzio, La Serra, Barolo",2007,96.7,"C+",3,77308,1275067
28,"Sandrone, Cannubi Boschis, Barolo",2010,97.51,"A+",3,23362,1589899
31,"Sandrone, Le Vigne, Barolo",1990,97.45,"C+",3,23363,1530554
100,"Sandrone, Le Vigne, Barolo",2010,96.2,"B",5,23363,3124820
3,"Tenuta San Guido, Sassicaia, Bolgheri Sassicaia",1985,99.7,"A",6,5078,95151
74,"Tenuta San Guido, Sassicaia, Bolgheri Sassicaia",2015,96.57,"B+",7,5078,14154429
39,"Tua Rita, Redigaffi, Toscana",2015,97.14,"B",4,75816,17274641
72,"Tua Rita, Redigaffi, Toscana",2008,96.61,"A+",4,75816,1337052
64,"Valdicava, Madonna del Piano, Brunello Di Montalcino Riserva",2001,96.72,"C+",3,1242989,1374970
26,"Vietti, Brunate, Barolo",2007,97.73,"B",4,2144510,4434474
98,"Vietti, Brunate, Barolo",2010,96.26,"A",5,2144510,5112973
34,"Vietti, Ravera, Barolo",2010,97.21,"B",4,1447267,3845639
80,"Vietti, Ravera, Barolo",2013,96.49,"B",6,1447267,57348864
32,"Vietti, Rocche di Castiglione , Barolo",2007,97.42,"B",4,77449,1256111
65,"Vietti, Rocche di Castiglione , Barolo",2010,96.72,"B+",9,77449,4746801
30,"Vietti, Villero, Barolo Riserva",2007,97.45,"B",4,77453,4509438
63,"Vietti, Villero, Barolo Riserva",2010,96.73,"A+",3,77453,4571047
84,"Vietti, Villero, Barolo Riserva",2004,96.45,"B",4,77453,1315086
59,"Ben Glaetzer, Glaetzer Amon-Ra Unfiltered Shiraz, Barossa Valley",2005,95.63,"B",5,1160689,1276991
81,"Ben Glaetzer, Glaetzer Amon-Ra Unfiltered Shiraz, Barossa Valley",2006,95.16,"B",7,1160689,1220355
91,"Ben Glaetzer, Glaetzer Amon-Ra Unfiltered Shiraz, Barossa Valley",2002,95.05,"A",3,1160689,1787381
92,"Ben Glaetzer, Glaetzer Amon-Ra Unfiltered Shiraz, Barossa Valley",2004,95.04,"B",4,1160689,1216860
94,"Ben Glaetzer, Glaetzer Amon-Ra Unfiltered Shiraz, Barossa Valley",2003,95.02,"B",4,1160689,1484730
97,"Ben Glaetzer, Glaetzer Amon-Ra Unfiltered Shiraz, Barossa Valley",2010,94.98,"B",6,1160689,1306026
15,"Clarendon Hills, Astralis Shiraz, Mclaren Vale",2005,97.37,"A",5,80363,102973
19,"Clarendon Hills, Astralis Shiraz, Mclaren Vale",2008,97.09,"B",3,80363,1334899
22,"Clarendon Hills, Astralis Shiraz, Mclaren Vale",2006,96.96,"C+",5,80363,95783
30,"Clarendon Hills, Astralis Shiraz, Mclaren Vale",2004,96.59,"C+",5,80363,110172
33,"Clarendon Hills, Astralis Shiraz, Mclaren Vale",2003,96.44,"B+",5,80363,1279595
39,"Clarendon Hills, Astralis Shiraz, Mclaren Vale",2007,96.28,"A+",4,80363,1354156
55,"Clarendon Hills, Astralis Shiraz, Mclaren Vale",2001,95.73,"C+",3,80363,107547
96,"Clarendon Hills, Astralis Shiraz, Mclaren Vale",1996,94.98,"B",6,80363,101631
57,"Clonakilla, Shiraz - Viognier, Canberra District",2013,95.67,"B",5,79492,8233022
100,"Cullen, Diana Madeline, Margaret River",2014,94.94,"C+",4,22183,12249949
54,"Giaconda, Chardonnay, White, Beechworth",2004,95.74,"A+",3,,
2,"Henschke, Hill Of Grace Shiraz, Eden Valley",2012,98.71,"A+",5,13563,1433048
9,"Henschke, Hill Of Grace Shiraz, Eden Valley",2010,98,"A",7,13563,1401858
11,"Henschke, Hill Of Grace Shiraz, Eden Valley",2005,97.71,"B+",6,13563,83370
14,"Henschke, Hill Of Grace Shiraz, Eden Valley",2006,97.39,"A",6,13563,1770061
16,"Henschke, Hill Of Grace Shiraz, Eden Valley",2008,97.21,"B+",4,13563,1184306
23,"Henschke, Hill Of Grace Shiraz, Eden Valley",2002,96.91,"A",8,13563,1725988
29,"Henschke, Hill Of Grace Shiraz, Eden Valley",1958,96.6,"B",3,13563,22118000
31,"Henschke, Hill Of Grace Shiraz, Eden Valley",2013,96.54,"B",3,13563,2352562
36,"Henschke, Hill Of Grace Shiraz, Eden Valley",1986,96.29,"B",4,13563,93962
37,"Henschke, Hill Of Grace Shiraz, Eden Valley",1961,96.29,"B+",3,13563,24564431
44,"Henschke, Hill Of Grace Shiraz, Eden Valley",1965,96.1,"C",3,13563,22118008
47,"Henschke, Hill Of Grace Shiraz, Eden Valley",1994,95.87,"B+",6,13563,102860
51,"Henschke, Hill Of Grace Shiraz, Eden Valley",1991,95.8,"B",5,13563,89767
56,"Henschke, Hill Of Grace Shiraz, Eden Valley",2009,95.67,"B",6,13563,1801396
67,"Henschke, Hill Of Grace Shiraz, Eden Valley",2004,95.41,"B",7,13563,14240
77,"Henschke, Hill Of Grace Shiraz, Eden Valley",2003,95.21,"C+",5,13563,1452004
80,"Henschke, Hill Of Grace Shiraz, Eden Valley",1966,95.17,"B+",3,13563,22118009
85,"Henschke, Hill Of Grace Shiraz, Eden Valley",1996,95.12,"C+",4,13563,1334513
88,"Henschke, Hill Of Grace Shiraz, Eden Valley",1971,95.09,"C+",3,13563,4130327
99,"Henschke, Hill Of Grace Shiraz, Eden Valley",1998,94.95,"B",7,13563,62354
49,"Henschke, Mount Edelstone Shiraz, Eden Valley",2010,95.81,"A",3,2363901,5439009
86,"Henschke, Mount Edelstone Shiraz, Eden Valley",2012,95.11,"A",4,2363901,8943492
17,"Jim Barry, The Armagh Shiraz, Clare Valley",2012,97.13,"A",4,31124,3515350
40,"Jim Barry, The Armagh Shiraz, Clare Valley",2010,96.24,"B",5,31124,4628050
61,"Jim Barry, The Armagh Shiraz, Clare Valley",1996,95.59,"C+",3,31124,1141352
71,"Jim Barry, The Armagh Shiraz, Clare Valley",2002,95.33,"B",6,31124,90292
72,"Jim Barry, The Armagh Shiraz, Clare Valley",2009,95.32,"A",4,31124,1869110
83,"Jim Barry, The Armagh Shiraz, Clare Valley",2006,95.14,"C+",5,31124,1726769
95,"Jim Barry, The Armagh Shiraz, Clare Valley",2005,94.99,"B+",5,31124,34084
65,"Leeuwin Estate, Art Series Chardonnay, White, Margaret River",1987,95.46,"B+",3,1677583,5208437
78,"Leeuwin Estate, Art Series Chardonnay, White, Margaret River",2014,95.19,"B+",3,1677583,7094146
84,"Leeuwin Estate, Art Series Chardonnay, White, Margaret River",2010,95.13,"A",7,1677583,2924316
87,"Leeuwin Estate, Art Series Chardonnay, White, Margaret River",2013,95.11,"B+",7,1677583,7094148
20,"Mollydooker, Carnival Of Love Shiraz, Mclaren Vale",2005,97.09,"B",3,16470,1212884
10,"Mollydooker, Velvet Glove Shiraz, Mclaren Vale",2006,97.83,"B+",3,1381424,1970580
24,"Mollydooker, Velvet Glove Shiraz, Mclaren Vale",2010,96.86,"A",3,1381424,1793803
27,"Mollydooker, Velvet Glove Shiraz, Mclaren Vale",2009,96.78,"A+",4,1381424,1790986
48,"Mollydooker, Velvet Glove Shiraz, Mclaren Vale",2007,95.84,"C+",3,1381424,1791473
90,"Moss Wood, Cabernet Sauvignon, Margaret River",2012,95.06,"A+",4,86985,4100175
82,"Noon Winery, Noon Eclipse, Mclaren Vale",2006,95.16,"A",3,,
18,"Penfolds, Bin 170 Kalimna Vineyard Shiraz, Barossa Valley",2010,97.1,"A",6,2370149,5497761
34,"Penfolds, Bin 60A Cabernet Sauvignon Shiraz Coonawarra, Barossa Valley",2004,96.43,"B+",6,,
76,"Penfolds, Bin 707, South Australia",2009,95.23,"A+",3,1264,1402878
98,"Penfolds, Bin 707, South Australia",2010,94.97,"B",5,1264,1758738
4,"Penfolds, Block 42 Kalimna Cabernet Sauvignon, Barossa Valley",2004,98.3,"B+",7,24021,25541
1,"Penfolds, Grange Bin 95, Australian Wine",2010,98.79,"A",6,1136930,1966753
3,"Penfolds, Grange Bin 95, Australian Wine",2004,98.61,"A",8,1136930,1460938
6,"Penfolds, Grange Bin 95, Australian Wine",2008,98.26,"B+",8,1136930,1168840
7,"Penfolds, Grange Bin 95, Australian Wine",2005,98.13,"B+",3,1136930,1818111
8,"Penfolds, Grange Bin 95, Australian Wine",2012,98.08,"B+",4,1136930,1572665
13,"Penfolds, Grange Bin 95, Australian Wine",2013,97.44,"A",4,1136930,2126227
21,"Penfolds, Grange Bin 95, Australian Wine",2014,96.97,"B",4,1136930,4043116
25,"Penfolds, Grange Bin 95, Australian Wine",1986,96.85,"B",4,1136930,1542662
28,"Penfolds, Grange Bin 95, Australian Wine",2007,96.61,"A",4,1136930,1719936
32,"Penfolds, Grange Bin 95, Australian Wine",1990,96.5,"B",6,1136930,1341773
41,"Penfolds, Grange Bin 95, Australian Wine",1971,96.17,"B",5,1136930,1378894
43,"Penfolds, Grange Bin 95, Australian Wine",2002,96.11,"A",6,1136930,1966672
52,"Penfolds, Grange Bin 95, Australian Wine",1998,95.78,"B+",8,1136930,2173522
53,"Penfolds, Grange Bin 95, Australian Wine",2009,95.78,"A",7,1136930,1572667
62,"Penfolds, Grange Bin 95, Australian Wine",1976,95.59,"B+",4,1136930,1742578
64,"Penfolds, Grange Bin 95, Australian Wine",2006,95.48,"B",7,1136930,1850422
89,"Penfolds, Grange Bin 95, Australian Wine",1996,95.06,"B",6,1136930,1907500
93,"Penfolds, Grange Bin 95, Australian Wine",1994,95.03,"B",5,1136930,3533546
45,"Penfolds, Rwt Shiraz, Barossa Valley",2016,95.96,"B+",4,1265,85180230
68,"Penfolds, St Henri, Barossa Valley",2010,95.39,"B+",8,1268,1740735
12,"Torbreck, Runrig Shiraz - Viognier, Barossa Valley",1998,97.52,"A",3,,
26,"Torbreck, Runrig Shiraz - Viognier, Barossa Valley",2004,96.79,"B+",5,,
35,"Torbreck, Runrig Shiraz - Viognier, Barossa Valley",1999,96.41,"B+",5,,
42,"Torbreck, Runrig Shiraz - Viognier, Barossa Valley",2003,96.14,"B",3,,
46,"Torbreck, Runrig Shiraz - Viognier, Barossa Valley",2009,95.95,"C+",4,,
58,"Torbreck, Runrig Shiraz - Viognier, Barossa Valley",2002,95.66,"B",4,,
60,"Torbreck, Runrig Shiraz - Viognier, Barossa Valley",2010,95.61,"C+",5,,
66,"Torbreck, Runrig Shiraz - Viognier, Barossa Valley",2005,95.43,"B",4,,
69,"Torbreck, Runrig Shiraz - Viognier, Barossa Valley",2012,95.34,"B",6,,
73,"Torbreck, Runrig Shiraz - Viognier, Barossa Valley",2007,95.29,"B",5,,
74,"Torbreck, Runrig Shiraz - Viognier, Barossa Valley",2014,95.29,"B",4,,
75,"Torbreck, Runrig Shiraz - Viognier, Barossa Valley",2015,95.27,"C+",3,3231384,151543567
79,"Torbreck, Runrig Shiraz - Viognier, Barossa Valley",2013,95.19,"C+",5,,
38,"Torbreck, The Factor Shiraz, Barossa Valley",2015,96.29,"A+",3,11821,18387633
70,"Torbreck, The Factor Shiraz, Barossa Valley",2005,95.33,"C+",3,11821,25140
5,"Torbreck, The Laird, Barossa Valley",2012,98.28,"B",4,1183599,6107818
50,"Vasse Felix, Tom Cullity, Margaret River",2013,95.8,"A+",3,5067526,148767375
63,"Wendouree, Shiraz, Clare Valley",2012,95.55,"B",4,1845639,5797693
18,"Achaval Ferrer, Finca Altamira Malbec, La Consulta",2009,95.42,"C+",3,,
22,"Achaval Ferrer, Finca Altamira Malbec, La Consulta",2014,95.1,"B+",7,,
28,"Achaval Ferrer, Finca Altamira Malbec, La Consulta",2010,94.93,"B",3,,
34,"Achaval Ferrer, Finca Altamira Malbec, La Consulta",2011,94.79,"B+",5,,
43,"Achaval Ferrer, Finca Altamira Malbec, La Consulta",2015,94.49,"B",3,,
45,"Achaval Ferrer, Finca Altamira Malbec, La Consulta",2013,94.46,"B",5,,
77,"Achaval Ferrer, Finca Altamira Malbec, La Consulta",2005,93.9,"A+",3,,
81,"Achaval Ferrer, Finca Altamira Malbec, La Consulta",2008,93.85,"B",5,,
9,"Achaval Ferrer, Finca Bella Vista Malbec, Mendoza",2011,96.21,"A",5,,
54,"Achaval Ferrer, Finca Bella Vista Malbec, Mendoza",2010,94.29,"B",5,,
85,"Achaval Ferrer, Finca Bella Vista Malbec, Mendoza",2008,93.74,"B",5,,
87,"Achaval Ferrer, Finca Bella Vista Malbec, Mendoza",2015,93.74,"A+",3,,
94,"Achaval Ferrer, Finca Bella Vista Malbec, Mendoza",2013,93.57,"B+",6,,
97,"Achaval Ferrer, Finca Bella Vista Malbec, Mendoza",2014,93.55,"B",4,,
86,"Bodega Aleanna, Gran Enemigo Agrelo' Cabernet Franc, Agrelo",2013,93.74,"A+",3,,
90,"Bodega Aleanna, Gran Enemigo Agrelo' Cabernet Franc, Agrelo",2012,93.68,"A+",3,,
11,"Bodega Aleanna, Gran Enemigo Gualtallary' Cabernet Franc, Tupungato",2013,96.02,"B",3,,
12,"Bodega Aleanna, Gran Enemigo Gualtallary' Cabernet Franc, Tupungato",2012,95.85,"B",4,,
41,"Bodega Aleanna, Gran Enemigo Gualtallary' Cabernet Franc, Tupungato",2010,94.6,"B",5,,
100,"Bodega Aleanna, Gran Enemigo Gualtallary' Cabernet Franc, Tupungato",2011,93.51,"C+",4,,
58,"Bodega Aleanna, Gran Enemigo', Mendoza",2012,94.26,"B",4,,
63,"Bodega Aleanna, Gran Enemigo', Mendoza",2010,94.13,"B",5,,
92,"Bodega Aleanna, Gran Enemigo', Mendoza",2009,93.59,"C+",3,,
98,"Bodega Monteviejo, Lindaflor 'La Violeta' Malbec, Vista Flores",2008,93.55,"B",4,,
5,"Catena Zapata, Adrianna Vineyard Fortuna Terrae Malbec, Tupungato",2016,96.78,"B",3,,
33,"Catena Zapata, Adrianna Vineyard Fortuna Terrae Malbec, Tupungato",2013,94.85,"C+",4,,
6,"Catena Zapata, Adrianna Vineyard Malbec, Tupungato",2009,96.72,"B",3,,
26,"Catena Zapata, Adrianna Vineyard Malbec, Tupungato",2010,95.04,"B",5,,
35,"Catena Zapata, Adrianna Vineyard Malbec, Tupungato",2007,94.78,"A",4,,
42,"Catena Zapata, Adrianna Vineyard Malbec, Tupungato",2004,94.58,"B",4,,
64,"Catena Zapata, Adrianna Vineyard Malbec, Tupungato",2006,94.11,"A+",4,,
78,"Catena Zapata, Adrianna Vineyard Malbec, Tupungato",2005,93.88,"A",5,,
96,"Catena Zapata, Adrianna Vineyard Malbec, Tupungato",2008,93.56,"B",4,,
4,"Catena Zapata, Adrianna Vineyard Mundus Bacillus Terrae Malbec, Tupungato",2016,97.03,"B",3,,
44,"Catena Zapata, Adrianna Vineyard Mundus Bacillus Terrae Malbec, Tupungato",2013,94.47,"B",5,,
7,"Catena Zapata, Adrianna Vineyard River Stones Malbec, Valle de Uco",2016,96.69,"C+",3,,
29,"Catena Zapata, Adrianna Vineyard River Stones Malbec, Valle de Uco",2013,94.93,"C+",4,,
10,"Catena Zapata, Malbec Argentino, Valle De Uco",2004,96.08,"A",4,,
14,"Catena Zapata, Malbec Argentino, Valle De Uco",2005,95.62,"A",5,,
30,"Catena Zapata, Malbec Argentino, Valle De Uco",2006,94.92,"B+",4,,
36,"Catena Zapata, Malbec Argentino, Valle De Uco",2007,94.77,"B",4,,
47,"Catena Zapata, Malbec Argentino, Valle De Uco",2009,94.42,"B",3,,
57,"Catena Zapata, Malbec Argentino, Valle De Uco",2012,94.27,"B",4,,
91,"Catena Zapata, Malbec Argentino, Valle De Uco",2008,93.68,"B",5,,
95,"Catena Zapata, Malbec Argentino, Valle De Uco",2010,93.56,"A+",5,,
19,"Catena Zapata, Nicasia Vineyard Malbec, Mendoza",2009,95.18,"B",3,,
21,"Catena Zapata, Nicasia Vineyard Malbec, Mendoza",2005,95.12,"B+",4,,
27,"Catena Zapata, Nicasia Vineyard Malbec, Mendoza",2006,95.04,"B",4,,
32,"Catena Zapata, Nicasia Vineyard Malbec, Mendoza",2007,94.88,"B+",4,,
72,"Catena Zapata, Nicasia Vineyard Malbec, Mendoza",2004,93.99,"B+",4,,
80,"Catena Zapata, Nicasia Vineyard Malbec, Mendoza",2011,93.87,"C",3,,
23,"Catena Zapata, Nicolas Catena Zapata', Mendoza",2005,95.08,"B+",4,,
39,"Catena Zapata, Nicolas Catena Zapata', Mendoza",2008,94.65,"B+",4,,
46,"Catena Zapata, Nicolas Catena Zapata', Mendoza",2013,94.46,"B",4,,
49,"Catena Zapata, Nicolas Catena Zapata', Mendoza",2004,94.39,"B",5,,
51,"Catena Zapata, Nicolas Catena Zapata', Mendoza",2009,94.32,"A",4,,
55,"Catena Zapata, Nicolas Catena Zapata', Mendoza",2010,94.29,"B+",6,,
76,"Catena Zapata, Nicolas Catena Zapata', Mendoza",2012,93.91,"B",4,,
88,"Catena Zapata, Nicolas Catena Zapata', Mendoza",2007,93.73,"B",4,,
3,"Catena Zapata, White Bones' Adrianna Vineyard Chardonnay, Blanco, Tupungato",2016,97.04,"A+",3,,
8,"Catena Zapata, White Bones' Adrianna Vineyard Chardonnay, Blanco, Tupungato",2013,96.29,"B",3,,
20,"Catena Zapata, White Bones' Adrianna Vineyard Chardonnay, Blanco, Tupungato",2014,95.18,"A+",4,,
25,"Catena Zapata, White Bones' Adrianna Vineyard Chardonnay, Blanco, Tupungato",2010,95.06,"B",5,,
37,"Catena Zapata, White Bones' Adrianna Vineyard Chardonnay, Blanco, Tupungato",2011,94.73,"C",3,,
38,"Catena Zapata, White Bones' Adrianna Vineyard Chardonnay, Blanco, Tupungato",2009,94.7,"B",3,,
2,"Catena Zapata, White Stones' Adrianna Vineyard Chardonnay, Blanco, Tupungato",2016,97.08,"A",3,,
13,"Catena Zapata, White Stones' Adrianna Vineyard Chardonnay, Blanco, Tupungato",2014,95.72,"B",4,,
68,"Catena Zapata, White Stones' Adrianna Vineyard Chardonnay, Blanco, Tupungato",2013,94.03,"A",3,,
70,"Catena Zapata, White Stones' Adrianna Vineyard Chardonnay, Blanco, Tupungato",2009,94,"B",4,,
56,"Familia Zuccardi, 'Finca Canal Uco', Paraje Altamira",2013,94.28,"B",3,,
59,"Luca, Nico Malbec, La Consulta",2004,94.25,"B+",3,,
62,"Luca, Nico Malbec, La Consulta",2005,94.14,"A+",3,,
82,"Luca, Nico Malbec, La Consulta",2014,93.82,"B+",4,,
50,"Mendel, Finca Remota Malbec, La Consulta",2011,94.35,"A",5,,
67,"Mendel, Finca Remota Malbec, La Consulta",2013,94.03,"B+",4,,
74,"Mendel, Finca Remota Malbec, La Consulta",2008,93.97,"B",4,,
84,"Mendel, Unus Malbec - Cabernet Sauvignon, Mendoza",2013,93.75,"B+",5,,
93,"Mendel, Unus Malbec - Cabernet Sauvignon, Mendoza",2011,93.58,"B",5,,
83,"Pascual Toso, Finca Pedregal Single Vineyard Malbec - Cabernet Sauvignon, Barrancas",2014,93.8,"B",3,,
1,"Terrazas De Los Andes, 'Cheval Des Andes', Mendoza",2016,97.5,"A",3,,
65,"Terrazas De Los Andes, 'Cheval Des Andes', Mendoza",2011,94.08,"B+",6,,
71,"Terrazas De Los Andes, 'Cheval Des Andes', Mendoza",2013,94,"B",7,,
79,"Terrazas De Los Andes, 'Cheval Des Andes', Mendoza",2014,93.87,"A",4,,
89,"Terrazas De Los Andes, 'Cheval Des Andes', Mendoza",2012,93.69,"A",8,,
40,"Tres 14, 'Imperfecto', Valle De Uco",2011,94.63,"B",4,,
53,"Tres 14, 'Imperfecto', Valle De Uco",2016,94.29,"A",3,,
73,"Vina Cobos, 'Bramare' Marchiori Vineyard Malbec, Lujan De Cuyo",2011,93.98,"B+",5,,
15,"Vina Cobos, 'Cobos' Marchiori Vineyard Malbec, Lujan De Cuyo",2003,95.54,"A+",3,,
16,"Vina Cobos, 'Cobos' Marchiori Vineyard Malbec, Lujan De Cuyo",2005,95.52,"B+",3,,
17,"Vina Cobos, 'Cobos' Marchiori Vineyard Malbec, Lujan De Cuyo",2004,95.49,"B+",3,,
24,"Vina Cobos, 'Cobos' Marchiori Vineyard Malbec, Lujan De Cuyo",2006,95.06,"C+",3,,
31,"Vina Cobos, 'Cobos' Marchiori Vineyard Malbec, Lujan De Cuyo",2014,94.89,"B+",4,,
48,"Vina Cobos, 'Cobos' Marchiori Vineyard Malbec, Lujan De Cuyo",2011,94.4,"C+",4,,
52,"Vina Cobos, 'Cobos' Marchiori Vineyard Malbec, Lujan De Cuyo",2008,94.32,"B+",3,,
60,"Vina Cobos, 'Cobos' Marchiori Vineyard Malbec, Lujan De Cuyo",2013,94.18,"C",3,,
61,"Vina Cobos, 'Cobos' Marchiori Vineyard Malbec, Lujan De Cuyo",2009,94.16,"A+",4,,
75,"Vina Cobos, 'Cobos' Marchiori Vineyard Malbec, Lujan De Cuyo",2010,93.94,"B",4,,
69,"Vina Cobos, Bramare Touza Vineyard Malbec, Las Compuertas",2013,94.01,"B",5,,
66,"Vina Cobos, Corte Unico-Volturno Cabernet Sauvignon - Malbec, Lujan De Cuyo",2010,94.04,"B+",3,,
99,"Vina Cobos, Corte Unico-Volturno Cabernet Sauvignon - Malbec, Lujan De Cuyo",2011,93.54,"B+",5,,
9,"Ata Rangi, Pinot Noir, Martinborough",2013,93.73,"B+",7,,
15,"Ata Rangi, Pinot Noir, Martinborough",2012,93.54,"B+",7,,
26,"Ata Rangi, Pinot Noir, Martinborough",2005,93.28,"B",4,,
30,"Ata Rangi, Pinot Noir, Martinborough",2007,93.19,"B",5,,
45,"Ata Rangi, Pinot Noir, Martinborough",2010,92.88,"B+",7,,
79,"Ata Rangi, Pinot Noir, Martinborough",2003,92.25,"B",6,,
81,"Ata Rangi, Pinot Noir, Martinborough",2014,92.23,"C+",4,,
89,"Ata Rangi, Pinot Noir, Martinborough",2009,92.15,"B",7,,
91,"Ata Rangi, Pinot Noir, Martinborough",2011,92.13,"B",7,,
1,"Bell Hill, Chardonnay, White, Canterbury",2010,95.69,"A",3,,
2,"Bell Hill, Chardonnay, White, Canterbury",2011,94.86,"B",4,,
11,"Bell Hill, Chardonnay, White, Canterbury",2012,93.71,"B",3,,
16,"Bell Hill, Chardonnay, White, Canterbury",2006,93.52,"A+",4,,
49,"Bell Hill, Chardonnay, White, Canterbury",2009,92.78,"A",5,,
76,"Bell Hill, Chardonnay, White, Canterbury",2008,92.34,"B",4,,
5,"Bell Hill, Pinot Noir, Canterbury",2013,94.2,"A+",3,,
6,"Bell Hill, Pinot Noir, Canterbury",2010,94.17,"B",4,,
10,"Bell Hill, Pinot Noir, Canterbury",2009,93.72,"B+",5,,
41,"Bell Hill, Pinot Noir, Canterbury",2011,92.95,"B",6,,
75,"Bell Hill, Pinot Noir, Canterbury",2008,92.34,"A+",3,,
93,"Bell Hill, Pinot Noir, Canterbury",2006,92.11,"B+",3,,
70,"Craggy Range, Aroha Pinot Noir, Martinborough",2014,92.41,"B",5,,
39,"Craggy Range, Le Sol Gimblett Gravels Syrah, Hawkes Bay",2015,92.97,"A",3,,
58,"Craggy Range, Le Sol Gimblett Gravels Syrah, Hawkes Bay",2013,92.49,"B+",6,,
66,"Craggy Range, Le Sol Gimblett Gravels Syrah, Hawkes Bay",2007,92.44,"C+",4,,
85,"Craggy Range, Le Sol Gimblett Gravels Syrah, Hawkes Bay",2014,92.19,"B+",5,,
94,"Craggy Range, Le Sol Gimblett Gravels Syrah, Hawkes Bay",2009,92.08,"B",4,,
54,"Craggy Range, Sophia Gimblett Gravels Merlot, Hawkes Bay",2014,92.67,"B+",4,,
68,"Craggy Range, Sophia Gimblett Gravels Merlot, Hawkes Bay",2013,92.42,"A",5,,
21,"Destiny Bay, Mystae, Waiheke Island",2010,93.42,"B+",3,,
51,"Dog Point, Pinot Noir, Marlborough",2014,92.72,"B",4,,
7,"Dog Point, Vineyard Section 94 Sauvignon Blanc, White, Marlborough",2014,93.89,"A",3,,
100,"Dry River, Pinot Noir, Martinborough",2007,91.93,"B",3,,
40,"Felton Road, Bannockburn Pinot Noir, Central Otago",2013,92.96,"B",5,,
67,"Felton Road, Bannockburn Pinot Noir, Central Otago",2017,92.42,"C+",4,,
87,"Felton Road, Bannockburn Pinot Noir, Central Otago",2015,92.19,"C+",3,,
59,"Felton Road, Block 1 Riesling, White, Central Otago",2017,92.48,"B",3,,
73,"Felton Road, Block 2 Chardonnay, White, Central Otago",2013,92.38,"B",3,,
99,"Felton Road, Block 2 Chardonnay, White, Central Otago",2014,91.99,"A+",4,,
3,"Felton Road, Block 3 Pinot Noir, Central Otago",2016,94.32,"B+",4,,
14,"Felton Road, Block 3 Pinot Noir, Central Otago",2017,93.59,"B+",3,,
20,"Felton Road, Block 3 Pinot Noir, Central Otago",2015,93.49,"B+",5,,
22,"Felton Road, Block 3 Pinot Noir, Central Otago",2013,93.41,"B",4,,
27,"Felton Road, Block 3 Pinot Noir, Central Otago",2014,93.24,"A",7,,
29,"Felton Road, Block 3 Pinot Noir, Central Otago",2012,93.2,"B",5,,
36,"Felton Road, Block 3 Pinot Noir, Central Otago",2010,93.01,"A",6,,
44,"Felton Road, Block 3 Pinot Noir, Central Otago",2007,92.91,"B",6,,
47,"Felton Road, Block 3 Pinot Noir, Central Otago",2008,92.86,"A+",3,,
61,"Felton Road, Block 3 Pinot Noir, Central Otago",2004,92.47,"B",4,,
63,"Felton Road, Block 3 Pinot Noir, Central Otago",2009,92.45,"B",5,,
64,"Felton Road, Block 3 Pinot Noir, Central Otago",2006,92.44,"B",5,,
90,"Felton Road, Block 3 Pinot Noir, Central Otago",2011,92.14,"B",6,,
4,"Felton Road, Block 5 Pinot Noir, Central Otago",2016,94.21,"A",3,,
8,"Felton Road, Block 5 Pinot Noir, Central Otago",2012,93.77,"B",4,,
17,"Felton Road, Block 5 Pinot Noir, Central Otago",2009,93.51,"A",5,,
18,"Felton Road, Block 5 Pinot Noir, Central Otago",2014,93.5,"A",4,,
25,"Felton Road, Block 5 Pinot Noir, Central Otago",2007,93.34,"B",6,,
31,"Felton Road, Block 5 Pinot Noir, Central Otago",2003,93.18,"C",3,,
32,"Felton Road, Block 5 Pinot Noir, Central Otago",2015,93.12,"B",3,,
57,"Felton Road, Block 5 Pinot Noir, Central Otago",2013,92.49,"A",4,,
83,"Felton Road, Block 5 Pinot Noir, Central Otago",2008,92.2,"A",4,,
84,"Felton Road, Block 5 Pinot Noir, Central Otago",2010,92.19,"A+",6,,
88,"Felton Road, Block 5 Pinot Noir, Central Otago",2006,92.16,"C+",3,,
46,"Felton Road, Calvert Pinot Noir, Central Otago",2013,92.86,"B",4,,
56,"Felton Road, Calvert Pinot Noir, Central Otago",2015,92.58,"B",4,,
65,"Felton Road, Calvert Pinot Noir, Central Otago",2007,92.44,"B+",6,,
80,"Felton Road, Calvert Pinot Noir, Central Otago",2016,92.24,"B+",3,,
97,"Felton Road, Calvert Pinot Noir, Central Otago",2012,92.03,"B+",5,,
28,"Felton Road, Cornish Point Pinot Noir, Central Otago",2007,93.23,"B",6,,
48,"Felton Road, Cornish Point Pinot Noir, Central Otago",2015,92.84,"C",3,,
50,"Felton Road, Cornish Point Pinot Noir, Central Otago",2014,92.78,"B",5,,
53,"Felton Road, Cornish Point Pinot Noir, Central Otago",2009,92.68,"A",8,,
55,"Felton Road, Cornish Point Pinot Noir, Central Otago",2016,92.65,"B",4,,
77,"Felton Road, Cornish Point Pinot Noir, Central Otago",2011,92.32,"A+",5,,
86,"Felton Road, Cornish Point Pinot Noir, Central Otago",2017,92.19,"B+",4,,
96,"Felton Road, Cornish Point Pinot Noir, Central Otago",2013,92.03,"A+",6,,
98,"Greystonewines, The Brothers' Reserve Pinot Noir, Waipara",2012,92,"B",3,,
43,"Kevin Judd Greywacke, Chardonnay, White, Marlborough",2014,92.92,"C+",3,,
12,"Kusuda, Pinot Noir, Martinborough",2010,93.66,"B",3,,
13,"Kusuda, Pinot Noir, Martinborough",2013,93.59,"B",3,,
74,"Kusuda, Pinot Noir, Martinborough",2012,92.34,"A+",3,,
95,"Man O' War, Ironclad, Waiheke Island",2010,92.08,"B",4,,
78,"Pegasus Bay, Aria Late Picked Riesling, White, Waipara",2009,92.32,"C+",4,,
33,"Pegasus Bay, Prima Donna Pinot Noir, Waipara",2011,93.07,"B",4,,
52,"Pegasus Bay, Prima Donna Pinot Noir, Waipara",2012,92.69,"B",4,,
62,"Pegasus Bay, Prima Donna Pinot Noir, Waipara",2010,92.46,"B+",6,,
71,"Pegasus Bay, Semillon - Sauvignon Blanc, White, Waipara",2007,92.4,"C",3,,
60,"Pegasus Bay, Virtuoso Chardonnay, White, Waipara",2009,92.48,"A",4,,
24,"Pyramid Valley Vineyards, Lion'S Tooth' Chardonnay, White, Canterbury",2010,93.38,"C+",3,,
38,"Pyramid Valley Vineyards, Lion'S Tooth' Chardonnay, White, Canterbury",2012,92.97,"C",3,,
34,"Te Mata Estate, Coleraine, Hawkes Bay",2013,93.05,"B",5,,
37,"Te Mata Estate, Coleraine, Hawkes Bay",2014,92.97,"B+",5,,
72,"Te Mata Estate, Coleraine, Hawkes Bay",2009,92.4,"B+",4,,
82,"Te Mata Estate, Coleraine, Hawkes Bay",2007,92.22,"B",5,,
92,"Te Mata Estate, Coleraine, Hawkes Bay",2015,92.11,"B+",3,,
19,"Trinity Hill, Homage Gimblett Gravels Syrah, Hawkes Bay",2009,93.49,"C+",5,,
23,"Trinity Hill, Homage Gimblett Gravels Syrah, Hawkes Bay",2010,93.4,"B",4,,
35,"Trinity Hill, Homage Gimblett Gravels Syrah, Hawkes Bay",2013,93.05,"B",5,,
42,"Trinity Hill, Homage Gimblett Gravels Syrah, Hawkes Bay",2014,92.94,"C",3,,
69,"Trinity Hill, Homage Gimblett Gravels Syrah, Hawkes Bay",2007,92.41,"C+",4,,
20,"Artadi, Pagos Viejos, Rioja",2004,95.59,"A+",3,,
65,"Artadi, Pagos Viejos, Rioja",2010,93.55,"B",3,,
85,"Artadi, Pagos Viejos, Rioja",2006,93.06,"A+",3,,
86,"Artadi, Pagos Viejos, Rioja",2009,93.05,"B",3,,
93,"Artadi, Pagos Viejos, Rioja",1998,92.75,"C+",3,,
59,"Artadi, Vina El Pison, Rioja",1998,93.7,"B",3,,
13,"Bodegas Aalto, P.S. Pagos Seleccionados Tinto, Ribera Del Duero",2001,95.94,"A+",3,,
19,"Bodegas Aalto, P.S. Pagos Seleccionados Tinto, Ribera Del Duero",2015,95.6,"C+",3,,
22,"Bodegas Aalto, P.S. Pagos Seleccionados Tinto, Ribera Del Duero",2004,95.37,"B",3,,
51,"Bodegas Aalto, P.S. Pagos Seleccionados Tinto, Ribera Del Duero",2012,94.08,"B",4,,
56,"Bodegas Aalto, P.S. Pagos Seleccionados Tinto, Ribera Del Duero",2003,93.74,"B+",4,,
68,"Bodegas Aalto, P.S. Pagos Seleccionados Tinto, Ribera Del Duero",2000,93.49,"B+",3,,
42,"Bodegas Aalto, Ribera Del Duero",2001,94.4,"C+",3,23109,1438700
45,"Bodegas Aalto, Ribera Del Duero",2006,94.32,"B",4,23109,1170912
79,"Bodegas Aalto, Ribera Del Duero",2013,93.17,"B",3,23109,3528050
80,"Bodegas Aalto, Ribera Del Duero",2014,93.15,"A+",3,23109,5496116
87,"Bodegas Aalto, Ribera Del Duero",2015,93.02,"B",3,23109,16607471
95,"Bodegas Aalto, Ribera Del Duero",2012,92.71,"B+",6,23109,3989647
100,"Bodegas Aalto, Ribera Del Duero",2004,92.66,"B",5,23109,1431081
16,"Bodegas Muga, Prado Enea' Gran Reserva, Rioja",2010,95.83,"B+",3,1126125,1740597
55,"Bodegas Muga, Prado Enea' Gran Reserva, Rioja",2005,93.88,"B",3,1126125,1296279
44,"Bodegas Roda, Cirsion, Rioja",2001,94.33,"C+",3,18717,1122123
61,"Dominio De Pingus, Flor De Pingus, Ribera Del Duero",2005,93.64,"B+",3,79814,98642
66,"Dominio De Pingus, Flor De Pingus, Ribera Del Duero",2009,93.53,"B",4,79814,1198707
77,"Dominio De Pingus, Flor De Pingus, Ribera Del Duero",2014,93.26,"B",4,79814,3977471
82,"Dominio De Pingus, Flor De Pingus, Ribera Del Duero",2006,93.12,"B",4,79814,98632
89,"Dominio De Pingus, Flor De Pingus, Ribera Del Duero",2007,92.92,"B",4,79814,98622
91,"Dominio De Pingus, Flor De Pingus, Ribera Del Duero",2004,92.84,"C",3,79814,107890
94,"Dominio De Pingus, Flor De Pingus, Ribera Del Duero",2010,92.75,"A",5,79814,1200103
99,"Dominio De Pingus, Flor De Pingus, Ribera Del Duero",2008,92.66,"B",5,79814,94865
1,"Dominio De Pingus, Ribera Del Duero",2014,99.24,"B+",3,1245550,4066992
2,"Dominio De Pingus, Ribera Del Duero",2012,98.15,"B",4,1245550,2222154
3,"Dominio De Pingus, Ribera Del Duero",2004,98,"B",3,1245550,2087726
4,"Dominio De Pingus, Ribera Del Duero",2008,97.13,"A",4,1245550,1835007
5,"Dominio De Pingus, Ribera Del Duero",2009,97.02,"B+",4,1245550,1381101
6,"Dominio De Pingus, Ribera Del Duero",2005,96.95,"A",3,1245550,2001304
7,"Dominio De Pingus, Ribera Del Duero",1999,96.85,"A+",3,1245550,2104821
8,"Dominio De Pingus, Ribera Del Duero",2010,96.83,"B+",5,1245550,1478411
9,"Dominio De Pingus, Ribera Del Duero",1996,96.77,"B",4,1245550,3280346
10,"Dominio De Pingus, Ribera Del Duero",2007,96.41,"A+",3,1245550,2091104
11,"Dominio De Pingus, Ribera Del Duero",1995,96.24,"B",4,1245550,14465508
17,"Dominio De Pingus, Ribera Del Duero",2006,95.82,"B+",4,1245550,2049887
21,"Dominio De Pingus, Ribera Del Duero",2000,95.53,"B+",6,1245550,2247575
27,"Dominio De Pingus, Ribera Del Duero",2013,94.96,"B+",3,1245550,2000930
33,"Dominio De Pingus, Ribera Del Duero",2011,94.82,"A+",4,1245550,2285286
35,"Dominio De Pingus, Ribera Del Duero",2003,94.79,"C+",5,1245550,2063146
43,"Dominio De Pingus, Ribera Del Duero",2001,94.33,"B+",6,1245550,3169588
47,"Ferrer Bobet, Vinyes Velles, Priorat",2014,94.28,"B",3,1173927,4418025
39,"Finca Allende, Aurus, Rioja",2001,94.64,"A",3,1162573,1763595
36,"La Rioja Alta, Gran Reserva 890 Seleccion Especial, Rioja",2005,94.71,"B",4,,
37,"La Rioja Alta, Gran Reserva 890 Seleccion Especial, Rioja",2004,94.68,"B+",5,,
38,"La Rioja Alta, Gran Reserva 890 Seleccion Especial, Rioja",1998,94.67,"A",3,,
49,"La Rioja Alta, Gran Reserva 890 Seleccion Especial, Rioja",1995,94.23,"B",5,,
52,"La Rioja Alta, Gran Reserva 890 Seleccion Especial, Rioja",2001,94.07,"B",5,,
50,"La Rioja Alta, Gran Reserva 904, Rioja",2007,94.09,"B",4,7972,1669098
54,"La Rioja Alta, Gran Reserva 904, Rioja",2005,93.88,"B+",9,7972,1386682
67,"La Rioja Alta, Gran Reserva 904, Rioja",1997,93.5,"A",5,7972,8595
71,"La Rioja Alta, Gran Reserva 904, Rioja",2009,93.44,"B",3,7972,2085494
84,"La Rioja Alta, Gran Reserva 904, Rioja",1998,93.1,"C+",3,7972,1235446
90,"La Rioja Alta, Gran Reserva 904, Rioja",2001,92.86,"B",5,7972,1488645
25,"La Rioja Alta, Vina Ardanza Reserva, Rioja",1985,95.12,"C+",3,7973,2209954
75,"La Rioja Alta, Vina Ardanza Reserva, Rioja",2001,93.3,"B+",7,7973,1380607
78,"La Rioja Alta, Vina Ardanza Reserva, Rioja",2008,93.23,"B",5,7973,1178862
83,"La Rioja Alta, Vina Ardanza Reserva, Rioja",2004,93.1,"A",6,7973,1337734
14,"Marques De Murrieta, Castillo Ygay Gran Reserva Especial, Rioja",2005,95.91,"A+",3,11001,1549021
12,"Numanthia, Termanthia', Toro",2004,96.13,"B",5,1126964,2060621
15,"Numanthia, Termanthia', Toro",2005,95.9,"A+",3,1126964,1446557
24,"Numanthia, Termanthia', Toro",2000,95.16,"B",5,1126964,2705166
26,"Numanthia, Termanthia', Toro",2012,94.97,"C+",3,1126964,5138113
28,"Numanthia, Termanthia', Toro",2003,94.94,"B",5,1126964,1916220
29,"Numanthia, Termanthia', Toro",2008,94.9,"A+",5,1126964,1192774
30,"Numanthia, Termanthia', Toro",2006,94.87,"B+",6,1126964,1434169
32,"Numanthia, Termanthia', Toro",2002,94.86,"B",4,1126964,2025330
53,"Numanthia, Termanthia', Toro",2001,93.98,"C+",6,1126964,1916223
63,"Numanthia, Termanthia', Toro",2011,93.56,"B",5,1126964,1876990
73,"Numanthia, Termanthia', Toro",2009,93.37,"B",7,1126964,1418120
97,"Numanthia, Termanthia', Toro",2007,92.68,"B",6,1126964,1149805
92,"Numanthia, Termes, Toro",2004,92.79,"B+",4,1167280,1956421
18,"Numanthia, Toro",2004,95.76,"B",3,77888,1450299
34,"Numanthia, Toro",2003,94.81,"B",4,77888,1269237
58,"Numanthia, Toro",1999,93.73,"B+",3,77888,2003507
72,"Numanthia, Toro",2010,93.42,"A+",5,77888,1393204
76,"Numanthia, Toro",2006,93.29,"A",4,77888,1306018
81,"Numanthia, Toro",2005,93.14,"B",3,77888,1683686
88,"Numanthia, Toro",2012,93.02,"B",6,77888,4534192
98,"Numanthia, Toro",2001,92.67,"C",3,77888,1598010
41,"Torres, Mas La Plana Cabernet Sauvignon, Penedes",2012,94.41,"A+",3,1161798,5381534
23,"Torres, Reserva Real, Penedes",2011,95.19,"B",5,28104,4039492
40,"Torres, Reserva Real, Penedes",2001,94.57,"C+",3,28104,30754
70,"Torres, Reserva Real, Penedes",2006,93.46,"B",4,28104,1235191
96,"Vega Sicilia, Tinto Valbuena 3, Ribera Del Duero",2004,92.69,"A+",3,1175427,1546978
31,"Vega Sicilia, Tinto Valbuena 5, Ribera Del Duero",2011,94.86,"A",5,1175427,2024073
46,"Vega Sicilia, Tinto Valbuena 5, Ribera Del Duero",2006,94.3,"C",3,1175427,1467345
48,"Vega Sicilia, Tinto Valbuena 5, Ribera Del Duero",2009,94.25,"A+",4,1175427,1881821
57,"Vega Sicilia, Tinto Valbuena 5, Ribera Del Duero",2010,93.73,"B",5,1175427,2054829
60,"Vega Sicilia, Tinto Valbuena 5, Ribera Del Duero",2013,93.66,"B+",3,1175427,2688109
62,"Vega Sicilia, Tinto Valbuena 5, Ribera Del Duero",2012,93.62,"A+",6,1175427,5151705
64,"Vega Sicilia, Tinto Valbuena 5, Ribera Del Duero",2004,93.55,"B",4,1175427,1546978
69,"Vega Sicilia, Tinto Valbuena 5, Ribera Del Duero",2002,93.48,"C",3,1175427,1786634
74,"Vega Sicilia, Tinto Valbuena 5, Ribera Del Duero",2003,93.36,"C",3,1175427,1549669
1,"Casa Lapostolle, Clos Apalta, Valle De Colchagua",2015,97.04,"C+",3,,
11,"Casa Lapostolle, Clos Apalta, Valle De Colchagua",2014,94.89,"C+",4,,
20,"Casa Lapostolle, Clos Apalta, Valle De Colchagua",2000,94.16,"B",4,,
21,"Casa Lapostolle, Clos Apalta, Valle De Colchagua",2013,94.16,"B",4,,
24,"Casa Lapostolle, Clos Apalta, Valle De Colchagua",2008,94.08,"B",3,,
36,"Casa Lapostolle, Clos Apalta, Valle De Colchagua",2005,93.7,"B",5,,
39,"Casa Lapostolle, Clos Apalta, Valle De Colchagua",2011,93.64,"B",4,,
40,"Casa Lapostolle, Clos Apalta, Valle De Colchagua",1999,93.6,"B",5,,
48,"Casa Lapostolle, Clos Apalta, Valle De Colchagua",2003,93.21,"C+",3,,
51,"Casa Lapostolle, Clos Apalta, Valle De Colchagua",2006,93.13,"B+",3,,
60,"Casa Lapostolle, Clos Apalta, Valle De Colchagua",2012,92.92,"B",3,,
62,"Casa Lapostolle, Clos Apalta, Valle De Colchagua",1997,92.83,"B+",5,,
66,"Casa Lapostolle, Clos Apalta, Valle De Colchagua",2009,92.76,"B",6,,
68,"Casa Lapostolle, Clos Apalta, Valle De Colchagua",2010,92.74,"B",4,,
98,"Casa Lapostolle, Clos Apalta, Valle De Colchagua",2001,91.95,"C+",5,,
26,"Concha Y Toro, Carmin De Peumo Carmenere, Valle Del Rapel",2005,94.05,"B",3,20717,68914
33,"Concha Y Toro, Carmin De Peumo Carmenere, Valle Del Rapel",2013,93.77,"A",4,20717,2858168
43,"Concha Y Toro, Carmin De Peumo Carmenere, Valle Del Rapel",2012,93.54,"B",4,20717,2698869
96,"Concha Y Toro, Carmin De Peumo Carmenere, Valle Del Rapel",2010,92.03,"B",4,20717,2522121
2,"Concha Y Toro, Don Melchor Cabernet Sauvignon, Puente Alto",2015,96.39,"B+",4,,
8,"Concha Y Toro, Don Melchor Cabernet Sauvignon, Puente Alto",2014,95.64,"B",5,,
14,"Concha Y Toro, Don Melchor Cabernet Sauvignon, Puente Alto",2010,94.56,"A",6,,
16,"Concha Y Toro, Don Melchor Cabernet Sauvignon, Puente Alto",2012,94.48,"B",7,,
23,"Concha Y Toro, Don Melchor Cabernet Sauvignon, Puente Alto",2011,94.14,"A",7,,
42,"Concha Y Toro, Don Melchor Cabernet Sauvignon, Puente Alto",2006,93.57,"A",5,,
44,"Concha Y Toro, Don Melchor Cabernet Sauvignon, Puente Alto",2005,93.51,"B+",7,,
50,"Concha Y Toro, Don Melchor Cabernet Sauvignon, Puente Alto",2013,93.18,"A+",7,,
56,"Concha Y Toro, Don Melchor Cabernet Sauvignon, Puente Alto",2008,93.03,"A",4,,
64,"Concha Y Toro, Don Melchor Cabernet Sauvignon, Puente Alto",2009,92.8,"B+",6,,
67,"Concha Y Toro, Don Melchor Cabernet Sauvignon, Puente Alto",2001,92.76,"B",6,,
80,"Concha Y Toro, Don Melchor Cabernet Sauvignon, Puente Alto",2004,92.35,"B+",4,,
85,"Concha Y Toro, Don Melchor Cabernet Sauvignon, Puente Alto",2003,92.25,"C+",4,,
90,"Concha Y Toro, Don Melchor Cabernet Sauvignon, Puente Alto",2007,92.11,"A",8,,
94,"Concha Y Toro, Don Melchor Cabernet Sauvignon, Puente Alto",1999,92.07,"B",6,,
100,"Cousino Macul, Lota Red, Valle Del Maipo",2006,91.85,"B",6,48314,1405958
84,"Emiliana, 'Ge' Red Blend, Valle De Colchagua",2010,92.25,"C+",3,,
89,"Emiliana, 'Ge' Red Blend, Valle De Colchagua",2005,92.12,"B+",4,,
99,"Emiliana, 'Ge' Red Blend, Valle De Colchagua",2006,91.86,"C+",3,,
4,"Errazuriz, Aconcagua Costa 'Las Pizarras' Chardonnay, Blanco, Valle Del Aconcagua",2015,95.9,"B",3,,
19,"Errazuriz, Aconcagua Costa 'Las Pizarras' Chardonnay, Blanco, Valle Del Aconcagua",2016,94.29,"C+",3,,
58,"Errazuriz, Aconcagua Costa 'Las Pizarras' Chardonnay, Blanco, Valle Del Aconcagua",2014,92.96,"B",6,,
12,"Errazuriz, Aconcagua Costa Las Pizarras Pinot Noir, Valle Del Aconcagua",2016,94.68,"C+",3,4948910,151869754
49,"Errazuriz, Aconcagua Costa Las Pizarras Pinot Noir, Valle Del Aconcagua",2014,93.19,"B",5,4948910,147549367
55,"Errazuriz, Aconcagua Costa Las Pizarras Pinot Noir, Valle Del Aconcagua",2015,93.05,"C",4,4948910,147847985
17,"Errazuriz, Don Maximiano Founder'S Reserve, Valle Del Aconcagua",2015,94.42,"B+",3,1977,14407934
65,"Errazuriz, Don Maximiano Founder'S Reserve, Valle Del Aconcagua",2014,92.8,"B+",4,1977,4535430
70,"Errazuriz, Don Maximiano Founder'S Reserve, Valle Del Aconcagua",2011,92.69,"A+",6,1977,1433115
71,"Errazuriz, Don Maximiano Founder'S Reserve, Valle Del Aconcagua",2013,92.69,"A+",7,1977,3249166
47,"Errazuriz, Kai Carmenere, Valle Del Aconcagua",2013,93.25,"B",3,1979,10669288
73,"Errazuriz, Kai Carmenere, Valle Del Aconcagua",2010,92.63,"B",3,1979,1689259
9,"Errazuriz, Vinedo Chadwick, Valle Del Maipo",2014,95.44,"C+",5,2774263,4154805
10,"Errazuriz, Vinedo Chadwick, Valle Del Maipo",2015,94.94,"C+",4,2774263,15112460
18,"Errazuriz, Vinedo Chadwick, Valle Del Maipo",2013,94.39,"B+",6,2774263,2756036
29,"Errazuriz, Vinedo Chadwick, Valle Del Maipo",2011,93.94,"B+",5,2774263,2110213
31,"Errazuriz, Vinedo Chadwick, Valle Del Maipo",2001,93.81,"C+",4,2774263,1326002
35,"Errazuriz, Vinedo Chadwick, Valle Del Maipo",2007,93.71,"B+",7,2774263,1201757
45,"Errazuriz, Vinedo Chadwick, Valle Del Maipo",2008,93.31,"B+",4,2774263,1171322
53,"Errazuriz, Vinedo Chadwick, Valle Del Maipo",2012,93.09,"C+",3,2774263,1995208
82,"Errazuriz, Vinedo Chadwick, Valle Del Maipo",2006,92.3,"B",7,2774263,28074
87,"Errazuriz, Vinedo Chadwick, Valle Del Maipo",2010,92.17,"B+",7,2774263,1683801
91,"Errazuriz, Vinedo Chadwick, Valle Del Maipo",2009,92.11,"B+",6,2774263,1545049
97,"Errazuriz, Vinedo Chadwick, Valle Del Maipo",2005,92.01,"B",5,2774263,1401167
93,"Miguel Torres, Manso De Velasco' Cabernet Sauvignon Viejas Vinas, Valle De Curico",2010,92.09,"B",4,,
22,"Montes Folly, Syrah, Valle De Colchagua",2001,94.15,"C+",3,71264,1637719
28,"Montes Folly, Syrah, Valle De Colchagua",2007,93.96,"B",4,71264,1401307
63,"Montes Folly, Syrah, Valle De Colchagua",2011,92.82,"C+",5,71264,2451130
75,"Montes Folly, Syrah, Valle De Colchagua",2006,92.6,"B",4,71264,77874
76,"Montes Folly, Syrah, Valle De Colchagua",2000,92.49,"C+",3,71264,1374394
79,"Montes Folly, Syrah, Valle De Colchagua",2013,92.37,"B+",4,71264,3151675
81,"Montes Folly, Syrah, Valle De Colchagua",2005,92.32,"B",4,71264,1376481
95,"Montes Folly, Syrah, Valle De Colchagua",2004,92.04,"A",6,71264,85525
27,"Montes, Alpha M, Valle De Colchagua",2009,94.03,"B+",3,1664699,2647262
52,"Montes, Alpha M, Valle De Colchagua",2013,93.09,"C+",3,1664699,3241040
78,"Montes, Alpha M, Valle De Colchagua",1999,92.45,"B",5,1664699,3034634
86,"Santa Carolina, Luis Pereira, Valle Central",2012,92.17,"A",4,,
5,"Sena, Valle Del Aconcagua",2013,95.89,"B",5,,
7,"Sena, Valle Del Aconcagua",2015,95.71,"B",5,,
15,"Sena, Valle Del Aconcagua",2014,94.55,"B",5,,
30,"Sena, Valle Del Aconcagua",2012,93.86,"B",6,,
32,"Sena, Valle Del Aconcagua",2010,93.8,"B+",4,,
38,"Sena, Valle Del Aconcagua",2008,93.64,"B",5,,
57,"Sena, Valle Del Aconcagua",2011,92.99,"B+",5,,
59,"Sena, Valle Del Aconcagua",2009,92.95,"A+",5,,
74,"Sena, Valle Del Aconcagua",2006,92.61,"B",6,,
83,"Sena, Valle Del Aconcagua",2007,92.3,"B+",5,,
92,"Sena, Valle Del Aconcagua",2001,92.09,"B",6,,
3,"Vina Almaviva, Puente Alto",2015,96.01,"B",5,,
6,"Vina Almaviva, Puente Alto",2016,95.77,"A",3,,
13,"Vina Almaviva, Puente Alto",2014,94.66,"B",4,,
25,"Vina Almaviva, Puente Alto",2010,94.07,"B+",6,,
34,"Vina Almaviva, Puente Alto",2013,93.72,"A+",5,,
37,"Vina Almaviva, Puente Alto",2011,93.67,"A",5,,
41,"Vina Almaviva, Puente Alto",2012,93.58,"A",7,,
46,"Vina Almaviva, Puente Alto",2009,93.28,"B",6,,
54,"Vina Almaviva, Puente Alto",1999,93.08,"C",3,,
61,"Vina Almaviva, Puente Alto",2003,92.87,"B+",7,,
69,"Vina Almaviva, Puente Alto",2008,92.71,"C+",3,,
72,"Vina Almaviva, Puente Alto",2007,92.68,"A+",5,,
77,"Vina Almaviva, Puente Alto",2004,92.48,"A",3,,
88,"Vina Almaviva, Puente Alto",2005,92.13,"A",3,,
52,"Beaumont Family Wines, Hope Marguerite Chenin Blanc, White, Bot River",2015,91.58,"A+",5,,
67,"Beaumont Family Wines, Hope Marguerite Chenin Blanc, White, Bot River",2012,90.94,"B",3,,
89,"Beaumont Family Wines, Hope Marguerite Chenin Blanc, White, Bot River",2013,90.14,"B",4,,
75,"Constantia Glen, Two, White, Constantia",2015,90.71,"B",3,,
27,"De Toren, Fusion V, Stellenbosch",2012,92.84,"B",4,,
41,"De Toren, Fusion V, Stellenbosch",2008,92.13,"B",3,,
50,"De Toren, Fusion V, Stellenbosch",2015,91.8,"B",3,,
57,"De Toren, Fusion V, Stellenbosch",2009,91.35,"B+",5,,
66,"De Toren, Fusion V, Stellenbosch",2010,91.02,"B",5,,
81,"De Toren, Fusion V, Stellenbosch",2014,90.58,"B+",3,,
86,"De Toren, Fusion V, Stellenbosch",2011,90.35,"A+",3,,
55,"De Toren, Z, Stellenbosch",2012,91.46,"A",4,,
71,"De Toren, Z, Stellenbosch",2008,90.82,"B+",3,,
80,"De Toren, Z, Stellenbosch",2013,90.58,"A+",3,,
82,"De Toren, Z, Stellenbosch",2010,90.54,"A+",4,,
32,"Ernie Els Wines, Signature, Stellenbosch",2007,92.38,"B+",3,,
34,"Ernie Els Wines, Signature, Stellenbosch",2008,92.33,"A",3,,
42,"Ernie Els Wines, Signature, Stellenbosch",2011,91.99,"B",3,,
51,"Ernie Els Wines, Signature, Stellenbosch",2009,91.64,"B+",4,,
60,"Ernie Els Wines, Signature, Stellenbosch",2013,91.09,"C+",3,,
21,"Kanonkop Estate, Black Label Pinotage, Stellenbosch",2014,93.15,"A+",4,,
30,"Kanonkop Estate, Paul Sauer, Stellenbosch",2011,92.45,"A",4,,
39,"Kanonkop Estate, Paul Sauer, Stellenbosch",2013,92.23,"A+",4,,
49,"Kanonkop Estate, Paul Sauer, Stellenbosch",1998,91.84,"A",3,,
54,"Kanonkop Estate, Paul Sauer, Stellenbosch",2007,91.51,"B+",4,,
56,"Kanonkop Estate, Paul Sauer, Stellenbosch",2008,91.39,"A",4,,
61,"Kanonkop Estate, Paul Sauer, Stellenbosch",2005,91.08,"B",3,,
73,"Kanonkop Estate, Paul Sauer, Stellenbosch",2010,90.77,"B",4,,
84,"Kanonkop Estate, Paul Sauer, Stellenbosch",2009,90.47,"B",7,,
63,"Kanonkop Estate, Pinotage, Stellenbosch",2012,91.04,"A",5,,
69,"Kanonkop Estate, Pinotage, Stellenbosch",2008,90.84,"B",3,,
76,"Kanonkop Estate, Pinotage, Stellenbosch",1999,90.67,"B",3,,
79,"Kanonkop Estate, Pinotage, Stellenbosch",2014,90.61,"A+",4,,
6,"Klein Constantia, Vin de Constance, white, sweet, Constantia",2013,95.14,"B+",4,,
7,"Klein Constantia, Vin de Constance, white, sweet, Constantia",2007,95.08,"B",5,,
8,"Klein Constantia, Vin de Constance, white, sweet, Constantia",2006,94.7,"B",5,,
12,"Klein Constantia, Vin de Constance, white, sweet, Constantia",2014,94.28,"A+",3,,
16,"Klein Constantia, Vin de Constance, white, sweet, Constantia",2005,93.69,"A",6,,
35,"Klein Constantia, Vin de Constance, white, sweet, Constantia",2008,92.31,"C+",4,,
45,"Klein Constantia, Vin de Constance, white, sweet, Constantia",2011,91.92,"C+",3,,
53,"Meerlust Estate, Rubicon, Stellenbosch",2007,91.56,"B+",5,,
83,"Mullineux and Leeu Family Wines, Kloof Street Swartland Rouge, Swartland",2009,90.53,"B",3,,
10,"Mullineux and Leeu Family Wines, Schist Syrah, Swartland",2011,94.38,"B+",3,1853727,3125662
14,"Mullineux and Leeu Family Wines, Schist Syrah, Swartland",2012,93.77,"B",3,1853727,4463342
18,"Mullineux and Leeu Family Wines, Schist Syrah, Swartland",2010,93.41,"B+",6,1853727,4347970
26,"Mullineux and Leeu Family Wines, Schist Syrah, Swartland",2015,92.85,"A",4,1853727,27195879
77,"Raats Family Wines, Jasper Red, Stellenbosch",2013,90.64,"B",3,,
88,"Raats Family Wines, Jasper Red, Stellenbosch",2015,90.21,"B",3,,
11,"Raats Family Wines, MR Mvemve Raats de Compostella, Stellenbosch",2009,94.34,"B",4,,
15,"Raats Family Wines, MR Mvemve Raats de Compostella, Stellenbosch",2007,93.71,"A",3,,
19,"Raats Family Wines, MR Mvemve Raats de Compostella, Stellenbosch",2012,93.22,"B",5,,
23,"Raats Family Wines, MR Mvemve Raats de Compostella, Stellenbosch",2008,92.92,"B",5,,
28,"Raats Family Wines, MR Mvemve Raats de Compostella, Stellenbosch",2011,92.78,"C+",4,,
46,"Raats Family Wines, MR Mvemve Raats de Compostella, Stellenbosch",2014,91.91,"B",5,,
65,"Raats Family Wines, MR Mvemve Raats de Compostella, Stellenbosch",2006,91.03,"C+",3,,
87,"Raats Family Wines, MR Mvemve Raats de Compostella, Stellenbosch",2005,90.33,"C+",3,,
62,"Rustenberg Wines, John X Merriman, Stellenbosch",2005,91.05,"B",4,,
90,"Rustenberg Wines, John X Merriman, Stellenbosch",2004,90.14,"B",3,,
91,"Rustenberg Wines, John X Merriman, Stellenbosch",2010,90.05,"B",4,,
1,"The Sadie Family, Columella, Swartland",2008,96.09,"C+",3,,
2,"The Sadie Family, Columella, Swartland",2012,96.08,"B+",4,,
3,"The Sadie Family, Columella, Swartland",2014,96.02,"B",3,,
4,"The Sadie Family, Columella, Swartland",2011,95.34,"A+",4,,
5,"The Sadie Family, Columella, Swartland",2010,95.18,"C+",4,,
9,"The Sadie Family, Columella, Swartland",2009,94.49,"B+",5,,
13,"The Sadie Family, Columella, Swartland",2006,93.96,"B",4,,
17,"The Sadie Family, Columella, Swartland",2007,93.64,"B",4,,
20,"The Sadie Family, Columella, Swartland",2005,93.2,"B",5,,
24,"The Sadie Family, Columella, Swartland",2004,92.9,"C+",3,,
25,"The Sadie Family, Columella, Swartland",2013,92.87,"A+",3,,
70,"The Sadie Family, Columella, Swartland",2002,90.82,"A+",3,,
58,"Tokara, Director's Reserve Red, Stellenbosch",2011,91.33,"B",3,,
36,"Tokara, Director's Reserve White, White, Stellenbosch",2010,92.3,"A+",3,,
47,"Tokara, Director's Reserve White, White, Stellenbosch",2012,91.89,"A",3,,
29,"Vilafonte, Series C, Paarl",2007,92.55,"A+",4,16220,1198346
31,"Vilafonte, Series C, Paarl",2011,92.39,"A+",4,16220,3647258
33,"Vilafonte, Series C, Paarl",2014,92.38,"B",4,16220,4312745
38,"Vilafonte, Series C, Paarl",2009,92.23,"B",3,16220,1433026
40,"Vilafonte, Series C, Paarl",2012,92.16,"B",4,16220,3786434
43,"Vilafonte, Series C, Paarl",2006,91.95,"B",5,16220,16932
44,"Vilafonte, Series C, Paarl",2013,91.92,"B",3,16220,5054625
48,"Vilafonte, Series C, Paarl",2010,91.85,"B",5,16220,1433049
64,"Vilafonte, Series C, Paarl",2005,91.04,"A",3,16220,1197121
85,"Vilafonte, Series C, Paarl",2004,90.43,"B",4,16220,93389
22,"Vilafonte, Series M, Paarl",2009,93.08,"B+",4,16221,1740705
37,"Vilafonte, Series M, Paarl",2012,92.25,"B",4,16221,6635103
59,"Vilafonte, Series M, Paarl",2007,91.23,"B+",3,16221,1346723
68,"Vilafonte, Series M, Paarl",2011,90.89,"A",4,16221,2935876
74,"Vilafonte, Series M, Paarl",2004,90.77,"A",3,16221,1156165
78,"Vilafonte, Series M, Paarl",2010,90.63,"B",6,16221,2047540
72,"Warwick Wine Estate, Trilogy, Stellenbosch",2007,90.81,"A",4,,
1,"Planeta, Chardonnay, White, Menfi",2014,92.25,"A",4,4987,4073591
5,"Planeta, Chardonnay, White, Menfi",1999,91.3,"B+",3,4987,4126260
9,"Planeta, Chardonnay, White, Menfi",2011,90.71,"A+",6,4987,1586661
11,"Planeta, Chardonnay, White, Menfi",2010,90.39,"B+",4,4987,1638502
3,"Planeta, Cometa, White, Menfi",2013,91.77,"B+",3,4985,3617377
4,"Planeta, Cometa, White, Menfi",2001,91.62,"C+",3,4985,5554053
6,"Planeta, Cometa, White, Menfi",2014,91.25,"B",6,4985,6102517
7,"Planeta, Cometa, White, Menfi",2015,91.18,"B+",4,4985,14563379
8,"Planeta, Cometa, White, Menfi",2012,90.74,"B",4,4985,2960403
10,"Planeta, Cometa, White, Menfi",2011,90.59,"B",4,4985,1808592
12,"Planeta, Cometa, White, Menfi",2008,90.33,"B",3,4985,1125027
2,"Planeta, Moscato Bianco, White, Noto",2004,92.05,"B",3,,
4,"Croft, Vintage, Porto",2016,95,"C+",3,,
1,"Quinta Do Noval, Nacional Vintage, Porto",2016,99.89,"A+",3,,
2,"Quinta Do Noval, Vintage Port, Porto",2016,97.24,"C+",3,,
3,"Quinta Do Noval, Vintage Port, Porto",2015,95.35,"B+",3,,
3,"Weingut Joseph Spreitzer, Hattenheimer Wisselbrunnen Riesling Erstes Gewachs, White, Hattenheim",2016,91.92,"C",3,,
2,"Weingut Keller, Dalsheimer Hubacker Riesling Grosses Gewachs, White, Dalsheim",2006,94.52,"C+",3,,
1,"Weingut Robert Weil, Grafenberg Riesling Beerenauslese, White, Kiedrich",2016,95.27,"A",3,3223680,152394250
1,"Ao Yun, Shangri La",2013,92.33,"A+",4,,
