"_id","_vintageId","name","vintage","description","buyUrl","rating","region","producer","natural","organic","biodynamic","alcoholContent","style","grapes","foods","alcohol","acidity","flavorIntensity","sweetness","tannin","structureCount","primaryFlavors","secondaryFlavors","mousse","userReviews","professionalReviews","price","color","colorIntensity","noseIntensity","noseDevelopment","body","quality","tertiaryFlavors","aromaIntensity","primaryAromas","secondaryAromas","tertiaryAromas","ageing","balance","length","finish","intensity","complexity","conclusion"
92520,1634586,"Barolo Riserva Vignolo","","It has great structure but with elegance and complexity. Initially fruity floral perfumes and spices, open and intense. Generally excellent for aging. Food pairing: red meat, fish or grilled shellfish raw, grilled white meat, grained hard cheeses or seasoned, chocolate, meditation.","https://www.vivino.com/barolo-riserva-vignolo/w/92520?year=",4.2,"Barolo, IT DOCG","Cavallotto",false,false,false,14.5,"Italian Barolo","[""Nebbiolo""]","[""Beef"",""Pasta"",""Lamb"",""Game (deer, venison)""]","high","high","pronounced","dry","high",135,"[{""name"":""leather"",""count"":36},{""name"":""tar"",""count"":18},{""name"":""earthy"",""count"":13},{""name"":""smoke"",""count"":7},{""name"":""minerals"",""count"":6},{""name"":""mushroom"",""count"":5},{""name"":""forest floor"",""count"":4},{""name"":""balsamic"",""count"":4},{""name"":""cocoa"",""count"":3},{""name"":""game"",""count"":2},{""name"":""black truffle"",""count"":2},{""name"":""graphite"",""count"":2},{""name"":""honey"",""count"":1},{""name"":""stone"",""count"":1},{""name"":""plastic"",""count"":1},{""name"":""cured meat"",""count"":1},{""name"":""iron"",""count"":1},{""name"":""flint"",""count"":1},{""name"":""barbecue smoke"",""count"":1},{""name"":""salt"",""count"":1},{""name"":""tobacco"",""count"":12},{""name"":""oak"",""count"":12},{""name"":""chocolate"",""count"":6},{""name"":""coffee"",""count"":5},{""name"":""vanilla"",""count"":5},{""name"":""clove"",""count"":5},{""name"":""cedar"",""count"":4},{""name"":""dark chocolate"",""count"":3},{""name"":""mocha"",""count"":2},{""name"":""toffee"",""count"":2},{""name"":""baking spice"",""count"":1},{""name"":""camphor"",""count"":1},{""name"":""butter"",""count"":1},{""name"":""cigar"",""count"":1},{""name"":""cherry"",""count"":16},{""name"":""red fruit"",""count"":9},{""name"":""red cherry"",""count"":8},{""name"":""strawberry"",""count"":7},{""name"":""cranberry"",""count"":6},{""name"":""raspberry"",""count"":5},{""name"":""sour cherry"",""count"":2},{""name"":""red plum"",""count"":2},{""name"":""raspberry sauce"",""count"":1},{""name"":""red currant"",""count"":1},{""name"":""morello cherry"",""count"":1},{""name"":""ripe strawberry"",""count"":1},{""name"":""licorice"",""count"":19},{""name"":""pepper"",""count"":9},{""name"":""eucalyptus"",""count"":4},{""name"":""mint"",""count"":4},{""name"":""anise"",""count"":3},{""name"":""cinnamon"",""count"":3},{""name"":""savory"",""count"":3},{""name"":""fennel"",""count"":2},{""name"":""thyme"",""count"":2},{""name"":""star anise"",""count"":1},{""name"":""bay leaf"",""count"":1},{""name"":""green herbs"",""count"":1},{""name"":""oregano"",""count"":1},{""name"":""bergamot"",""count"":1},{""name"":""rosemary"",""count"":1},{""name"":""almond"",""count"":1},{""name"":""black walnut"",""count"":1},{""name"":""nutty"",""count"":1},{""name"":""dark fruit"",""count"":7},{""name"":""plum"",""count"":7},{""name"":""blackberry"",""count"":4},{""name"":""black fruit"",""count"":3},{""name"":""blackcurrant"",""count"":3},{""name"":""black cherry"",""count"":3},{""name"":""blueberry"",""count"":3},{""name"":""jam"",""count"":1},{""name"":""rose petal"",""count"":3},{""name"":""dried flowers"",""count"":2},{""name"":""perfume"",""count"":2},{""name"":""dried rose"",""count"":2},{""name"":""violet"",""count"":1},{""name"":""lilac"",""count"":1},{""name"":""potpourri"",""count"":1},{""name"":""orange"",""count"":9},{""name"":""marmalade"",""count"":1},{""name"":""orange peel"",""count"":1},{""name"":""raisin"",""count"":4},{""name"":""fig"",""count"":3},{""name"":""prune"",""count"":2},{""name"":""dried fruit"",""count"":1},{""name"":""dried blackberry"",""count"":1},{""name"":""dried cranberry"",""count"":1},{""name"":""cream"",""count"":1},{""name"":""sweaty saddle"",""count"":1},{""name"":""cheese"",""count"":1},{""name"":""hay"",""count"":1},{""name"":""rhubarb"",""count"":1},{""name"":""grass"",""count"":1},{""name"":""straw"",""count"":1},{""name"":""apple"",""count"":1}]","[{""name"":""tobacco"",""count"":12},{""name"":""savory"",""count"":3},{""name"":""dark chocolate"",""count"":3},{""name"":""mocha"",""count"":2},{""name"":""almond"",""count"":1},{""name"":""leather"",""count"":36},{""name"":""smoke"",""count"":7},{""name"":""cocoa"",""count"":3},{""name"":""cinnamon"",""count"":3},{""name"":""barbecue smoke"",""count"":1},{""name"":""almond"",""count"":1},{""name"":""black cherry"",""count"":3},{""name"":""jam"",""count"":1},{""name"":""clove"",""count"":5},{""name"":""vanilla"",""count"":5},{""name"":""tobacco"",""count"":12},{""name"":""smoke"",""count"":7},{""name"":""vanilla"",""count"":5},{""name"":""coffee"",""count"":5},{""name"":""clove"",""count"":5},{""name"":""cedar"",""count"":4},{""name"":""fig"",""count"":3},{""name"":""cinnamon"",""count"":3},{""name"":""mocha"",""count"":2},{""name"":""prune"",""count"":2},{""name"":""savory"",""count"":3},{""name"":""jam"",""count"":1},{""name"":""mushroom"",""count"":5},{""name"":""toffee"",""count"":2},{""name"":""almond"",""count"":1},{""name"":""cured meat"",""count"":1},{""name"":""butter"",""count"":1},{""name"":""savory"",""count"":3},{""name"":""almond"",""count"":1}]","n/a","[{""notes"":""95 points - medium burgundy; nose is a blend of vegetal and mineral with hints of tar and clear notes of straw and cut grass;  powerful incredible structure - this wine needs years still. Superb wine - needs time to open u after opening, but keeps getting better. Licorice and spice notes as the wine opens. Finish lingers."",""flavors"":[""tar"",""grass"",""straw"",""licorice""]},{""notes"":""Great Barolo dark and red fruits, some minerality medium-Large body, medium acidity, medium long finish!  "",""flavors"":[""minerality""]},{""notes"":""An amazing Barolo. Had the 2012 Vintage. Nice notes of tar and tobacco on the nose... and an earthiness which has to be terroir driven. A nice rounded mouthful with pronounced tannins. Long lingering finish. We had this after a 2017 langhe Nebbiolo and the difference is so evident in the complexity and the finish. The 14.5% alcohol was not too obvious on the nose or the palate. Would rate it a 4.3. Decanted this one for a good two hours. No mustiness or edginess at all! "",""flavors"":[""tar"",""tobacco""]}]","[""The aromas of this wine are perfect with decadent and wild fragrances of sliced fresh mushrooms, truffles, blackberries. Incredible complexity. Full and balanced. Racy, refined and amazing. The spirit of Cannubi. Drink or hold. But why wait?"",""Damilano is on a roll with this special Riserva. The 2010 Barolo Riserva Cannubi 1752 is infused with savory tones of leather, spice and smoke. Those specific aromas add to the immense sense of sophistication and elegance that is exuded from the bouquet of this deeply layered Barolo. Opening to a dark garnet color with little light saturation, this beautiful Nebbiolo is expressive and articulate; it is an especially worthy spokesperson for this classic vintage. At its core, the wine delivers dark, luscious dark fruit that still has primary freshness at this young stage. Otherwise, this Riserva is also far enough along to show tertiary tones of balsam herb and licorice."",""The bouquet is beginning to take shape here, with notes of sweet cherry, rose and licorice, and a hint of truffle. Leather and tar flavors add to the mix as this cruises to a long aftertaste. Firmly structured and still youthful, yet shows promise. Best from 2021 through 2042.""]","$115.99","no data, see reviews","no data, see reviews","no data","no data","no data, see structure","no data, see scores","combined with secondary","no data, see reviews","no data, see flavor","no data, see flavor","no data, see flavor","no data, cellar-tracker?","no data, see reviews","no data, see reviews","no data, see reviews","pronounced","no data, see reviews","no data, see professional reviews"
4835453,146579195,"South River Vineyard Chardonnay","","","https://www.vivino.com/south-river-vineyard-chardonnay/w/4835453?year=",4.3,"Russian River Valley, US AVA","J. Rochioli",false,false,false,0,"Californian Chardonnay","[""Chardonnay""]","[""Pork"",""Rich fish (salmon, tuna etc)"",""Vegetarian"",""Poultry""]","low","medium (+)","pronounced","medium sweet","n/a",6,"[{""name"":""oak"",""count"":5},{""name"":""butter"",""count"":3},{""name"":""vanilla"",""count"":1},{""name"":""butterscotch"",""count"":1},{""name"":""creme brulee"",""count"":1},{""name"":""toffee"",""count"":1},{""name"":""minerals"",""count"":4},{""name"":""smoke"",""count"":1},{""name"":""honey"",""count"":1},{""name"":""saline"",""count"":1},{""name"":""oil"",""count"":1},{""name"":""pear"",""count"":2},{""name"":""green apple"",""count"":1},{""name"":""yellow apple"",""count"":1},{""name"":""pineapple"",""count"":2},{""name"":""tropical"",""count"":1},{""name"":""lemon"",""count"":2},{""name"":""chard"",""count"":1}]","[{""name"":""smoke"",""count"":1},{""name"":""butter"",""count"":3},{""name"":""toffee"",""count"":1},{""name"":""vanilla"",""count"":1},{""name"":""smoke"",""count"":1},{""name"":""vanilla"",""count"":1}]","n/a","[{""notes"":""Medium lemon color. Yellow apple nose. Flavors of pineapple, lemon, but of toffee and saline. Medium+ body and a great acidity with a long finish. "",""flavors"":[""saline"",""yellow apple"",""lemon"",""pineapple"",""toffee""]},{""notes"":""Elegant, relatively Burgundian, relatively rich with plenty of vibrant acidity. Balanced. Doubtless will improve with  time, this 2014 vintage drunk in June 2018 is showing very well. "",""flavors"":[]},{""notes"":""Wonderful floral aroma. Splendidly smooth and balanced. First impression is plus, plus acidity and minerality. The more you drink the better it gets. Long enjoyable finish. 4.6"",""flavors"":[""minerality""]}]","[""The 2014 Chardonnay Estate comes from both Wente and Hanzel clones of Chardonnay. It displays loads of caramelized citrus and orange blossom, a rich, full-bodied mouthfeel, great minerality and freshness, and a floral personality. This wine sees about one-third to 40% new oak and is bottled unfiltered."",""This is pure, focused Russian River Valley at its most exuberant, full bodied and dark in color. Textured layers of pear, honey and melon dance around good, tight acidity, allowing for a balance of decadent pleasure.""]","$100","no data, see reviews","no data, see reviews","no data","no data","no data, see structure","no data, see scores","combined with secondary","no data, see reviews","no data, see flavor","no data, see flavor","no data, see flavor","no data, cellar-tracker?","no data, see reviews","no data, see reviews","no data, see reviews","pronounced","no data, see reviews","no data, see professional reviews"
4292635,134192814,"Montrachet Grand Cru","","","https://www.vivino.com/montrachet-grand-cru-montrachet-grand-cru-white-wine-v-i3y06/w/4292635?year=",4.5,"Montrachet Grand Cru, FR Grand Cru","Louis Latour",false,false,false,0,"Burgundy C√¥te de Beaune White","[""Chardonnay""]","[""Pasta"",""Rich fish (salmon, tuna etc)"",""Shellfish"",""Mild and soft cheese"",""Cured Meat""]","low","medium (+)","pronounced","off-dry","n/a",10,"[{""name"":""butter"",""count"":7},{""name"":""oak"",""count"":6},{""name"":""vanilla"",""count"":5},{""name"":""butterscotch"",""count"":1},{""name"":""honey"",""count"":5},{""name"":""stone"",""count"":3},{""name"":""smoke"",""count"":1},{""name"":""mushroom"",""count"":1},{""name"":""smoked meats"",""count"":1},{""name"":""minerals"",""count"":1},{""name"":""cream"",""count"":1},{""name"":""oil"",""count"":1},{""name"":""peach"",""count"":4},{""name"":""stone fruit"",""count"":2},{""name"":""apple"",""count"":2},{""name"":""melon"",""count"":1},{""name"":""pear"",""count"":1},{""name"":""toast"",""count"":1},{""name"":""lemon peel"",""count"":3},{""name"":""tangerine"",""count"":1},{""name"":""citrus"",""count"":1},{""name"":""grapefruit"",""count"":1},{""name"":""lemon"",""count"":1},{""name"":""pineapple"",""count"":3},{""name"":""dried fruit"",""count"":1},{""name"":""watermelon"",""count"":1}]","[{""name"":""smoke"",""count"":1},{""name"":""butter"",""count"":7},{""name"":""toast"",""count"":1},{""name"":""mushroom"",""count"":1},{""name"":""vanilla"",""count"":5},{""name"":""smoke"",""count"":1},{""name"":""vanilla"",""count"":5}]","n/a","[{""notes"":""2012 sublime "",""flavors"":[]},{""notes"":""Slightly lighter colouring than previous delagrange. Still a golden shine.   Nose expressing but not fully. Subtle sweetness  Great acidity, quite a bit of structure. Very fine tannins. Generally not in the same place as the delagrange.   Needs more time? Or just a different style?   Always a treat to have montrachet.  "",""flavors"":[]},{""notes"":""My very first bottle of Montrachet. Intense  ripen peaches on the nose, style of Chardonnay from a very hot region, may be the result of a hot vintage? Very balance and minerals on the palate. A fine Chardonnay but not mind blowning. "",""flavors"":[""minerals"",""peaches""]}]","[""COMMENTARY: The 2016 Louis Latour Chassagne-Montrachet 1er Cru Morgeot is bright, lively, and open-knit. TASTING NOTES: This wine exhibits lovely, authentic, and persistent aromas and flavors of ripe apple, aromatic spices, and chalk. Pair it with pan-fried sand dabs. (Tasted: May 2, 2020, San Francisco, CA)""]","$327.5","no data, see reviews","no data, see reviews","no data","no data","no data, see structure","no data, see scores","combined with secondary","no data, see reviews","no data, see flavor","no data, see flavor","no data, see flavor","no data, cellar-tracker?","no data, see reviews","no data, see reviews","no data, see reviews","pronounced","no data, see reviews","no data, see professional reviews"
3223680,18623990,"Kiedrich Gr√§fenberg Riesling Beerenauslese","","","https://www.vivino.com/riesling-beerenauslese-kiedrich-grafenberg/w/3223680?year=",4.5,"Rheingau, DE Region","Robert Weil",false,false,false,0,"German Riesling","[""Riesling""]","[""Pork"",""Shellfish"",""Spicy food"",""Poultry"",""Cured Meat""]","low","medium (+)","pronounced","sweet","n/a",0,"[{""name"":""apricot"",""count"":3},{""name"":""peach"",""count"":2},{""name"":""melon"",""count"":2},{""name"":""honey"",""count"":6},{""name"":""minerals"",""count"":1},{""name"":""pineapple"",""count"":1},{""name"":""tropical"",""count"":1},{""name"":""dried apricot"",""count"":1},{""name"":""elderflower"",""count"":1}]","[]","n/a","[{""notes"":""Toll! Sehr s√º√ü und vollmundig! Kaum S√§ure"",""flavors"":[]},{""notes"":""The wine jumps back and forth in between intense ripe peaches and a lingering toasted saffron aroma. The spice lingers on the palate for over a minute. Amazing with a pineapple cheesecake"",""flavors"":[""peaches"",""pineapple""]},{""notes"":""- tropisk. Fiken. Honning - frisk. Stor kons. Fet  Honning . Aprikos. Noe n√∏tt. Fiken God modning. Flott s√∏dme med balansert syre  98p"",""flavors"":[]}]","[""Like a tropical fruit marmalade, this is thick and flavorful and kept lively by moderate acidity. Dominated by the sweetness today, it needs time to show a full range of flavors. Best from 2008 through 2030.""]","$228","no data, see reviews","no data, see reviews","no data","no data","no data, see structure","no data, see scores","combined with secondary","no data, see reviews","no data, see flavor","no data, see flavor","no data, see flavor","no data, cellar-tracker?","no data, see reviews","no data, see reviews","no data, see reviews","pronounced","no data, see reviews","no data, see professional reviews"
2530730,19238426,"Sweetwater Chardonnay","","This wine has the classic mineral and baked apple and ripe peach aromas that have a trace of vanilla and roasted nuts. Very rich and complex, this wine has balanced flavors one would expect from this classic field selection and hillside planting. It also provides a firm structure and crisp acidity and has a history of aging well.","https://www.vivino.com/sweetwater-chardonnay/w/2530730?year=",4.5,"Russian River Valley, US AVA","J. Rochioli",false,false,false,14.5,"Californian Chardonnay","[""Chardonnay""]","[""Pork"",""Rich fish (salmon, tuna etc)"",""Vegetarian"",""Poultry""]","high","medium (+)","pronounced","medium dry","n/a",9,"[{""name"":""oak"",""count"":6},{""name"":""butter"",""count"":3},{""name"":""vanilla"",""count"":2},{""name"":""baked apple"",""count"":2},{""name"":""apricot"",""count"":2},{""name"":""peach"",""count"":2},{""name"":""pear"",""count"":2},{""name"":""stone fruit"",""count"":1},{""name"":""oil"",""count"":1},{""name"":""cream"",""count"":1},{""name"":""banana"",""count"":1},{""name"":""minerals"",""count"":3},{""name"":""stone"",""count"":1},{""name"":""citrus"",""count"":2},{""name"":""lemon"",""count"":2},{""name"":""nutty"",""count"":1},{""name"":""vanilla bean"",""count"":1},{""name"":""tropical"",""count"":1},{""name"":""dried apricot"",""count"":1},{""name"":""honeysuckle"",""count"":1},{""name"":""chard"",""count"":1}]","[{""name"":""vanilla bean"",""count"":1},{""name"":""butter"",""count"":3},{""name"":""vanilla"",""count"":2},{""name"":""vanilla"",""count"":2},{""name"":""banana"",""count"":1}]","n/a","[{""notes"":""Buttery, pear. Great for a summer afternoon "",""flavors"":[""buttery"",""pear""]},{""notes"":""2018 revisit - holding up really well. Lovey nose. Light oak with lovely light acidity.  2015 - Chards are not my favorite but this is quite lovely. "",""flavors"":[""oak""]},{""notes"":""Outstanding Chardonnay. Apple and peach flavors with vanilla and nuts. Not heavily oaked. Balances flavors and acidity with pronounced but subtle flavors. If you have a chance don't miss this. It's a unique experience."",""flavors"":[]}]","[""The 2014 Chardonnay Estate comes from both Wente and Hanzel clones of Chardonnay. It displays loads of caramelized citrus and orange blossom, a rich, full-bodied mouthfeel, great minerality and freshness, and a floral personality. This wine sees about one-third to 40% new oak and is bottled unfiltered."",""This is pure, focused Russian River Valley at its most exuberant, full bodied and dark in color. Textured layers of pear, honey and melon dance around good, tight acidity, allowing for a balance of decadent pleasure.""]","$94.48","no data, see reviews","no data, see reviews","no data","no data","no data, see structure","no data, see scores","combined with secondary","no data, see reviews","no data, see flavor","no data, see flavor","no data, see flavor","no data, cellar-tracker?","no data, see reviews","no data, see reviews","no data, see reviews","pronounced","no data, see reviews","no data, see professional reviews"
79665,1559800,"Georgia's Paddock Shiraz","","Bright purple in colour to the rim, with its typical flavours of rich mixed spices and sweet, ripe red plummy fruits. Plush, chocolatey mocha characters and fabulous natural acidity paired to powerful, supple tannins confers great longevity, but why wait?","https://www.vivino.com/georgia-s-paddock-shiraz/w/79665?year=",4.2,"Heathcote, AU AGI Region","Jasper Hill",false,false,false,15.5,"Australian Shiraz","[""Shiraz/Syrah""]","[""Beef"",""Lamb"",""Game (deer, venison)"",""Poultry""]","high","medium (+)","pronounced","medium dry","medium (+)",255,"[{""name"":""oak"",""count"":52},{""name"":""chocolate"",""count"":27},{""name"":""vanilla"",""count"":18},{""name"":""tobacco"",""count"":13},{""name"":""mocha"",""count"":13},{""name"":""clove"",""count"":9},{""name"":""dark chocolate"",""count"":9},{""name"":""coffee"",""count"":7},{""name"":""cedar"",""count"":5},{""name"":""cigar"",""count"":4},{""name"":""cigar box"",""count"":4},{""name"":""toffee"",""count"":2},{""name"":""espresso"",""count"":2},{""name"":""pipe tobacco"",""count"":1},{""name"":""wood smoke"",""count"":1},{""name"":""nutmeg"",""count"":1},{""name"":""cola"",""count"":1},{""name"":""camphor"",""count"":1},{""name"":""milk chocolate"",""count"":1},{""name"":""pepper"",""count"":39},{""name"":""licorice"",""count"":36},{""name"":""eucalyptus"",""count"":12},{""name"":""mint"",""count"":9},{""name"":""cinnamon"",""count"":8},{""name"":""menthol"",""count"":7},{""name"":""aniseed"",""count"":6},{""name"":""white pepper"",""count"":5},{""name"":""dried herbs"",""count"":3},{""name"":""juniper"",""count"":2},{""name"":""sage"",""count"":2},{""name"":""anise"",""count"":2},{""name"":""savory"",""count"":2},{""name"":""star anise"",""count"":1},{""name"":""cracked pepper"",""count"":1},{""name"":""fennel"",""count"":1},{""name"":""oregano"",""count"":1},{""name"":""plum"",""count"":47},{""name"":""blackberry"",""count"":34},{""name"":""black fruit"",""count"":15},{""name"":""dark fruit"",""count"":13},{""name"":""blueberry"",""count"":10},{""name"":""blackcurrant"",""count"":7},{""name"":""cassis"",""count"":6},{""name"":""black cherry"",""count"":6},{""name"":""jam"",""count"":4},{""name"":""black plum"",""count"":2},{""name"":""mulberry"",""count"":2},{""name"":""ripe blackberry"",""count"":1},{""name"":""black olive"",""count"":1},{""name"":""leather"",""count"":27},{""name"":""earthy"",""count"":26},{""name"":""smoke"",""count"":9},{""name"":""tar"",""count"":6},{""name"":""minerals"",""count"":4},{""name"":""pencil shavings"",""count"":3},{""name"":""mushroom"",""count"":3},{""name"":""stone"",""count"":3},{""name"":""graphite"",""count"":2},{""name"":""honey"",""count"":2},{""name"":""salt"",""count"":1},{""name"":""grilled meat"",""count"":1},{""name"":""forest floor"",""count"":1},{""name"":""charcoal"",""count"":1},{""name"":""exotic spice"",""count"":1},{""name"":""game"",""count"":1},{""name"":""petroleum"",""count"":1},{""name"":""cocoa"",""count"":1},{""name"":""bacon fat"",""count"":1},{""name"":""tobacco leaf"",""count"":1},{""name"":""balsamic"",""count"":1},{""name"":""dried fig"",""count"":1},{""name"":""walnut"",""count"":1},{""name"":""cherry"",""count"":17},{""name"":""red fruit"",""count"":7},{""name"":""raspberry"",""count"":5},{""name"":""strawberry"",""count"":3},{""name"":""red cherry"",""count"":2},{""name"":""sour cherry"",""count"":1},{""name"":""red currant"",""count"":1},{""name"":""cranberry"",""count"":1},{""name"":""oil"",""count"":3},{""name"":""cheese"",""count"":3},{""name"":""cream"",""count"":3},{""name"":""yeast"",""count"":1},{""name"":""prune"",""count"":5},{""name"":""raisin"",""count"":2},{""name"":""dried fruit"",""count"":2},{""name"":""dried blackberry"",""count"":1},{""name"":""dried cranberry"",""count"":1},{""name"":""perfume"",""count"":3},{""name"":""violet"",""count"":2},{""name"":""lavender"",""count"":1},{""name"":""tomato"",""count"":2},{""name"":""grass"",""count"":1},{""name"":""lemon"",""count"":2},{""name"":""lime"",""count"":2},{""name"":""orange"",""count"":1},{""name"":""citrus"",""count"":1},{""name"":""stone fruit"",""count"":2},{""name"":""apple"",""count"":1}]","[{""name"":""leather"",""count"":27},{""name"":""smoke"",""count"":9},{""name"":""cinnamon"",""count"":8},{""name"":""charcoal"",""count"":1},{""name"":""cocoa"",""count"":1},{""name"":""tobacco leaf"",""count"":1},{""name"":""vanilla"",""count"":18},{""name"":""clove"",""count"":9},{""name"":""nutmeg"",""count"":1},{""name"":""prune"",""count"":5},{""name"":""mocha"",""count"":13},{""name"":""tobacco"",""count"":13},{""name"":""dark chocolate"",""count"":9},{""name"":""savory"",""count"":2},{""name"":""vanilla"",""count"":18},{""name"":""tobacco"",""count"":13},{""name"":""mocha"",""count"":13},{""name"":""smoke"",""count"":9},{""name"":""clove"",""count"":9},{""name"":""cinnamon"",""count"":8},{""name"":""coffee"",""count"":7},{""name"":""cedar"",""count"":5},{""name"":""espresso"",""count"":2},{""name"":""nutmeg"",""count"":1},{""name"":""cola"",""count"":1},{""name"":""tobacco leaf"",""count"":1},{""name"":""wood smoke"",""count"":1},{""name"":""black cherry"",""count"":6},{""name"":""jam"",""count"":4},{""name"":""mushroom"",""count"":3},{""name"":""toffee"",""count"":2},{""name"":""jam"",""count"":4},{""name"":""savory"",""count"":2},{""name"":""savory"",""count"":2},{""name"":""tobacco leaf"",""count"":1}]","n/a","[{""notes"":""üá¨üáß¬† Structure - 4,3 Aroma - 4,45 Color - 4,6 Overall Quality - 4,3 Wine rating - 4,4  üá∑üá∫ –¢–µ–ª–æ –≤–∏–Ω–∞  - 4,3 –ê—Ä–æ–º–∞—Ç –≤–∏–Ω–∞ - 4,45 –¶–≤–µ—Ç –≤–∏–Ω–∞ - 4,6 –û–±—â–µ–µ –∫–∞—á–µ—Å—Ç–≤–æ –≤–∏–Ω–∞ - 4,3 –†–µ–π—Ç–∏–Ω–≥ –≤–∏–Ω–∞ - 4,4  üá∑üá∏ Telo vina - 4,3 Aroma vina - 4,45 Boja vina - 4,6 Opsti utisak o vinu - 4,3 Rejting vina - 4,4"",""flavors"":[]},{""notes"":""right in the window NOW. Dirt, muddy, mouldy plum nose with a hint of milk chocolate. palate suggesting it may be a bit past its peak but nice ripe cherries.tannins are nice and expressive."",""flavors"":[""plum"",""milk chocolate""]},{""notes"":""Massive wine needs decanting! High alcohol, full bodied, and highly tannic. Spicy and ripe add to the richness of this wine. "",""flavors"":[]}]","[""Dusty, firm, powerful: just a few apt descriptors for this vintage of one of Heathcote's top wines. Mocha, licorice and blackberries feature on the nose, while the palate delivers more of the same‚Äîdark fruit, chocolate and plenty of spice. Best after 2020. Cellar Selection"",""Deep purple-black in color, the 2013 Shiraz Georgia's Paddock has a broody nose of crushed blackcurrants, black plums and warm blackberries with hints of star anise, dark chocolate and Szechuan pepper. Rich, voluptuous and full-bodied in the mouth, it is far from \""heavy\"" and offers great freshness to juxtapose the concentrated flavors while the approachable, rounded tannins contribute velvety texture through the long finish. Rating: 93+""]","$69.73","no data, see reviews","no data, see reviews","no data","no data","no data, see structure","no data, see scores","combined with secondary","no data, see reviews","no data, see flavor","no data, see flavor","no data, see flavor","no data, cellar-tracker?","no data, see reviews","no data, see reviews","no data, see reviews","pronounced","no data, see reviews","no data, see professional reviews"
1702950,2679991,"Vieilles Vignes Clos Vougeot Grand Cru","","","https://www.vivino.com/vieilles-vignes-clos-vougeot-grand-cru/w/1702950?year=",4.3,"Clos Vougeot Grand Cru, FR Grand Cru","Ch√¢teau de la Tour",false,false,false,13.5,"Burgundy C√¥te de Nuits Red","[""Pinot Noir""]","[""Beef"",""Veal"",""Game (deer, venison)"",""Poultry""]","medium","high","medium (+)","off-dry","medium",56,"[{""name"":""cherry"",""count"":14},{""name"":""raspberry"",""count"":5},{""name"":""red fruit"",""count"":5},{""name"":""strawberry"",""count"":3},{""name"":""red cherry"",""count"":2},{""name"":""dried strawberry"",""count"":1},{""name"":""cranberry"",""count"":1},{""name"":""red currant"",""count"":1},{""name"":""ripe strawberry"",""count"":1},{""name"":""earthy"",""count"":9},{""name"":""smoke"",""count"":2},{""name"":""minerals"",""count"":2},{""name"":""mushroom"",""count"":2},{""name"":""forest floor"",""count"":2},{""name"":""leather"",""count"":1},{""name"":""flint"",""count"":1},{""name"":""stone"",""count"":1},{""name"":""graphite"",""count"":1},{""name"":""honey"",""count"":1},{""name"":""plum"",""count"":6},{""name"":""dark fruit"",""count"":2},{""name"":""black cherry"",""count"":2},{""name"":""blackcurrant"",""count"":2},{""name"":""oak"",""count"":3},{""name"":""dark chocolate"",""count"":2},{""name"":""caramel"",""count"":1},{""name"":""mint"",""count"":4},{""name"":""licorice"",""count"":2},{""name"":""pepper"",""count"":1},{""name"":""dried herbs"",""count"":1},{""name"":""violet"",""count"":2},{""name"":""iris"",""count"":1},{""name"":""dried rose"",""count"":1},{""name"":""peony"",""count"":1},{""name"":""lavender"",""count"":1},{""name"":""prune"",""count"":2},{""name"":""cream"",""count"":1},{""name"":""tomato"",""count"":1}]","[{""name"":""black cherry"",""count"":2},{""name"":""dark chocolate"",""count"":2},{""name"":""prune"",""count"":2},{""name"":""smoke"",""count"":2},{""name"":""leather"",""count"":1},{""name"":""dried strawberry"",""count"":1},{""name"":""mushroom"",""count"":2},{""name"":""smoke"",""count"":2},{""name"":""caramel"",""count"":1}]","n/a","[{""notes"":""Jummy! Not cheap but delivers big, lots of soil, stone, cherry and red berries, complex....    Ever had, need more ... give him time to breath "",""flavors"":[""cherry"",""stone""]},{""notes"":""Maybe just too young, but too spicy and not good price/performance"",""flavors"":[]},{""notes"":""An outstanding Clos Vougeot that needed time to tame. Even after aeration, this was reticent on the nose and palate. With time on the glass, I couldn't stop sniffing its lovely, concentrated sappy, tertiary aromas of earth and smoky wood. On the palate, its dense but supple texture was well integrated with plums, dark fruits, ripe acidity and grippy tannins. Lots of punch and power. Long finish.   Not the most elegant of Burgs but an impressive expression of its hallowed terroir. Even better in 5+ years. "",""flavors"":[""smoky""]}]","[]","$429.99","no data, see reviews","no data, see reviews","no data","no data","no data, see structure","no data, see scores","combined with secondary","no data, see reviews","no data, see flavor","no data, see flavor","no data, see flavor","no data, cellar-tracker?","no data, see reviews","no data, see reviews","no data, see reviews","medium (+)","no data, see reviews","no data, see professional reviews"
2810958,16288778,"Chassagne-Montrachet Premier Cru 'Les Chenevottes'","","","https://www.vivino.com/chassagne-montrachet-premier-cru-les-chenevottes-chassagne-montrachet-les-chenevottes/w/2810958?year=",4.3,"Chassagne-Montrachet 1er Cru 'Les Chenevottes', FR Premier Cru","Philippe Colin",false,false,false,13.5,"Burgundy C√¥te de Beaune White","[""Chardonnay""]","[""Pasta"",""Rich fish (salmon, tuna etc)"",""Shellfish"",""Mild and soft cheese"",""Cured Meat""]","medium","high","pronounced","off-dry","n/a",51,"[{""name"":""oak"",""count"":22},{""name"":""butter"",""count"":17},{""name"":""vanilla"",""count"":12},{""name"":""caramel"",""count"":2},{""name"":""nutmeg"",""count"":1},{""name"":""clove"",""count"":1},{""name"":""butterscotch"",""count"":1},{""name"":""baking spice"",""count"":1},{""name"":""buttered popcorn"",""count"":1},{""name"":""citrus"",""count"":21},{""name"":""lemon"",""count"":12},{""name"":""grapefruit"",""count"":5},{""name"":""lime"",""count"":5},{""name"":""lemon peel"",""count"":2},{""name"":""lemon zest"",""count"":1},{""name"":""orange peel"",""count"":1},{""name"":""orange rind"",""count"":1},{""name"":""tangerine"",""count"":1},{""name"":""orange"",""count"":1},{""name"":""pear"",""count"":9},{""name"":""peach"",""count"":8},{""name"":""green apple"",""count"":5},{""name"":""apricot"",""count"":4},{""name"":""quince"",""count"":2},{""name"":""stone fruit"",""count"":2},{""name"":""baked apple"",""count"":1},{""name"":""yellow apple"",""count"":1},{""name"":""yellow plum"",""count"":1},{""name"":""nectarine"",""count"":1},{""name"":""melon"",""count"":1},{""name"":""white peach"",""count"":1},{""name"":""apple"",""count"":1},{""name"":""cream"",""count"":11},{""name"":""cheese"",""count"":2},{""name"":""lemon curd"",""count"":2},{""name"":""oil"",""count"":1},{""name"":""toasted bread"",""count"":1},{""name"":""toast"",""count"":5},{""name"":""nutty"",""count"":3},{""name"":""almond"",""count"":3},{""name"":""marzipan"",""count"":2},{""name"":""brioche"",""count"":2},{""name"":""hazelnut"",""count"":1},{""name"":""walnut"",""count"":1},{""name"":""biscuit"",""count"":1},{""name"":""minerals"",""count"":12},{""name"":""stone"",""count"":5},{""name"":""mushroom"",""count"":1},{""name"":""slate"",""count"":1},{""name"":""rubber"",""count"":1},{""name"":""crushed rocks"",""count"":1},{""name"":""honey"",""count"":1},{""name"":""cinnamon"",""count"":1},{""name"":""fennel"",""count"":1},{""name"":""pineapple"",""count"":7},{""name"":""tropical"",""count"":2},{""name"":""straw"",""count"":3},{""name"":""grass"",""count"":2},{""name"":""gooseberry"",""count"":1},{""name"":""gardenia"",""count"":1},{""name"":""honeysuckle"",""count"":1},{""name"":""cherry"",""count"":2},{""name"":""cranberry"",""count"":1}]","[{""name"":""almond"",""count"":3},{""name"":""marzipan"",""count"":2},{""name"":""brioche"",""count"":2},{""name"":""lemon curd"",""count"":2},{""name"":""hazelnut"",""count"":1},{""name"":""cinnamon"",""count"":1},{""name"":""lemon curd"",""count"":2},{""name"":""butter"",""count"":17},{""name"":""toast"",""count"":5},{""name"":""almond"",""count"":3},{""name"":""mushroom"",""count"":1},{""name"":""vanilla"",""count"":12},{""name"":""caramel"",""count"":2},{""name"":""nutmeg"",""count"":1},{""name"":""cinnamon"",""count"":1},{""name"":""clove"",""count"":1},{""name"":""almond"",""count"":3},{""name"":""marzipan"",""count"":2},{""name"":""vanilla"",""count"":12},{""name"":""nutmeg"",""count"":1},{""name"":""clove"",""count"":1},{""name"":""almond"",""count"":3}]","n/a","[{""notes"":""Appearance is pale lemon.  Nose is pronounced, developing. Butter, cream, toast, vanilla, peach, apricot, ripe baked apple, melon, candied lemon, long finish. Complex. Outstanding. Can drink now but has potential for ageing. "",""flavors"":[""baked apple"",""butter"",""toast"",""apricot"",""cream"",""lemon"",""melon"",""peach"",""vanilla""]},{""notes"":""Superb wine, fresh, with flavor of pineapple. "",""flavors"":[""pineapple""]},{""notes"":""Well balanced "",""flavors"":[]}]","[""A fragrant Chassagne with classical orange-blossom scents, this is bright and gingery. It finishes tense and clean, with its lemon-zest acidity shadowed by darker tones of oak. This vineyard is at a high point on the Chassagne hill, in the direction of St-Aubin, where the majority of vines in Colin‚Äôs block are 50 years old."",""Smoky aromas are composed primarily by notes of citrus zest, rosemary oil and apple. The sleek and more refined if slightly less concentrated medium weight flavors deliver notably better depth and persistence. This is one of those wines that has already settled in and thus could be enjoyed young or held for 5 to 8 years first. In a word, lovely."",""The 2016 Chassagne Montrachet 1er Cru les Chaum√©es has a slightly dusty bouquet at first, quite earthy, a little withdrawn compared to the other cuv√©es. The palate is more fresh and vivacious with a fine bead of acidity, notes of white peach and candied orange peel with just a touch of orange zest that enlivens the short but focused finish. Fine.\n Range: 88-90""]","$104.99","no data, see reviews","no data, see reviews","no data","no data","no data, see structure","no data, see scores","combined with secondary","no data, see reviews","no data, see flavor","no data, see flavor","no data, see flavor","no data, cellar-tracker?","no data, see reviews","no data, see reviews","no data, see reviews","pronounced","no data, see reviews","no data, see professional reviews"
4538158,143942294,"Simposio Barolo","","Intense of garnet red with orange tinges.characteristic fragrance, ethereal, pleasant, intense.dry, full, robust, simple but velvety, harmonic.","https://www.vivino.com/simposio-barolo/w/4538158?year=",3.7,"Barolo, IT DOCG","BelColle",false,false,false,13,"Italian Barolo","[""Nebbiolo""]","[""Beef"",""Pasta"",""Lamb"",""Game (deer, venison)""]","medium","high","pronounced","dry","high",66,"[{""name"":""tobacco"",""count"":18},{""name"":""chocolate"",""count"":16},{""name"":""oak"",""count"":11},{""name"":""baking spice"",""count"":3},{""name"":""nutmeg"",""count"":3},{""name"":""dark chocolate"",""count"":3},{""name"":""vanilla"",""count"":2},{""name"":""clove"",""count"":2},{""name"":""cedar"",""count"":1},{""name"":""espresso"",""count"":1},{""name"":""fudge"",""count"":1},{""name"":""cherry"",""count"":32},{""name"":""red fruit"",""count"":9},{""name"":""strawberry"",""count"":7},{""name"":""raspberry"",""count"":2},{""name"":""cranberry"",""count"":2},{""name"":""red cherry"",""count"":1},{""name"":""bing cherry"",""count"":1},{""name"":""pomegranate"",""count"":1},{""name"":""earthy"",""count"":12},{""name"":""leather"",""count"":11},{""name"":""smoke"",""count"":7},{""name"":""underbrush"",""count"":2},{""name"":""honey"",""count"":1},{""name"":""cocoa"",""count"":1},{""name"":""iron"",""count"":1},{""name"":""tar"",""count"":1},{""name"":""forest floor"",""count"":1},{""name"":""toast"",""count"":1},{""name"":""licorice"",""count"":7},{""name"":""pepper"",""count"":3},{""name"":""mint"",""count"":2},{""name"":""white pepper"",""count"":2},{""name"":""anise"",""count"":1},{""name"":""star anise"",""count"":1},{""name"":""plum"",""count"":6},{""name"":""blackberry"",""count"":6},{""name"":""black cherry"",""count"":2},{""name"":""blueberry"",""count"":2},{""name"":""orange"",""count"":2},{""name"":""citrus"",""count"":1},{""name"":""orange peel"",""count"":1},{""name"":""orange zest"",""count"":1},{""name"":""lemon"",""count"":1},{""name"":""lime"",""count"":1},{""name"":""cheese"",""count"":2},{""name"":""yeast"",""count"":1},{""name"":""oil"",""count"":1},{""name"":""fig"",""count"":4},{""name"":""prune"",""count"":2},{""name"":""raisin"",""count"":1},{""name"":""rose petal"",""count"":1},{""name"":""hibiscus"",""count"":1},{""name"":""dried rose"",""count"":1},{""name"":""perfume"",""count"":1},{""name"":""asparagus"",""count"":1},{""name"":""tomato"",""count"":1},{""name"":""hay"",""count"":1},{""name"":""apple"",""count"":1},{""name"":""green apple"",""count"":1}]","[{""name"":""leather"",""count"":11},{""name"":""smoke"",""count"":7},{""name"":""cocoa"",""count"":1},{""name"":""black cherry"",""count"":2},{""name"":""tobacco"",""count"":18},{""name"":""dark chocolate"",""count"":3},{""name"":""tobacco"",""count"":18},{""name"":""smoke"",""count"":7},{""name"":""fig"",""count"":4},{""name"":""nutmeg"",""count"":3},{""name"":""clove"",""count"":2},{""name"":""vanilla"",""count"":2},{""name"":""cedar"",""count"":1},{""name"":""espresso"",""count"":1},{""name"":""nutmeg"",""count"":3},{""name"":""vanilla"",""count"":2},{""name"":""clove"",""count"":2},{""name"":""prune"",""count"":2},{""name"":""toast"",""count"":1}]","n/a","[{""notes"":""Baked cherry, leather, toasty wood.  Bright acidity.  Tannins still grippy but would likely soften with decanting.  Lovely cherry notes carry through on palate with elegant earthiness. "",""flavors"":[""cherry"",""leather"",""toasty""]},{""notes"":""Very tannic still but classic flavors and aromas"",""flavors"":[]},{""notes"":""Rose, leather, ink, torn flesh, venicin and some really firm tannins. "",""flavors"":[""leather""]}]","[]","$39.99","no data, see reviews","no data, see reviews","no data","no data","no data, see structure","no data, see scores","combined with secondary","no data, see reviews","no data, see flavor","no data, see flavor","no data, see flavor","no data, cellar-tracker?","no data, see reviews","no data, see reviews","no data, see reviews","pronounced","no data, see reviews","no data, see professional reviews"
1103075,2112380,"J. Davies Cabernet Sauvignon","","Aromas of dark red cherry, black plum,leaf, and white pepper. The palate is densely layered with fruitful flavors of cassis and blueberry, and supported by delicious undertones of cinnamon, clove, and coriander. The polished fine-grain tannins carry the flavors to a long finish.","https://www.vivino.com/j-davies-cabernet-sauvignon/w/1103075?year=",4.5,"Diamond Mountain District, US AVA","Davies",false,false,false,14.5,"Napa Valley Cabernet Sauvignon","[""Cabernet Sauvignon""]","[""Beef"",""Lamb"",""Game (deer, venison)"",""Mature and hard cheese"",""Poultry""]","high","high","pronounced","dry","medium (+)",260,"[{""name"":""oak"",""count"":30},{""name"":""chocolate"",""count"":27},{""name"":""tobacco"",""count"":25},{""name"":""vanilla"",""count"":19},{""name"":""dark chocolate"",""count"":7},{""name"":""clove"",""count"":4},{""name"":""baking spice"",""count"":4},{""name"":""cedar"",""count"":4},{""name"":""mocha"",""count"":4},{""name"":""cola"",""count"":3},{""name"":""butter"",""count"":3},{""name"":""caramel"",""count"":3},{""name"":""cigar box"",""count"":2},{""name"":""coffee"",""count"":1},{""name"":""incense"",""count"":1},{""name"":""allspice"",""count"":1},{""name"":""pie crust"",""count"":1},{""name"":""pipe tobacco"",""count"":1},{""name"":""milk chocolate"",""count"":1},{""name"":""toasted marshmallow"",""count"":1},{""name"":""espresso"",""count"":1},{""name"":""blackberry"",""count"":36},{""name"":""blueberry"",""count"":20},{""name"":""plum"",""count"":19},{""name"":""dark fruit"",""count"":16},{""name"":""cassis"",""count"":14},{""name"":""black fruit"",""count"":11},{""name"":""black cherry"",""count"":10},{""name"":""boysenberry"",""count"":7},{""name"":""jam"",""count"":4},{""name"":""ripe blackberry"",""count"":3},{""name"":""black plum"",""count"":3},{""name"":""blackcurrant"",""count"":3},{""name"":""bramble"",""count"":2},{""name"":""wild blueberry"",""count"":1},{""name"":""leather"",""count"":24},{""name"":""cocoa"",""count"":14},{""name"":""earthy"",""count"":10},{""name"":""smoke"",""count"":7},{""name"":""minerals"",""count"":6},{""name"":""graphite"",""count"":2},{""name"":""slate"",""count"":2},{""name"":""forest floor"",""count"":1},{""name"":""tar"",""count"":1},{""name"":""balsamic"",""count"":1},{""name"":""mushroom"",""count"":1},{""name"":""charcoal"",""count"":1},{""name"":""exotic spice"",""count"":1},{""name"":""ginger"",""count"":1},{""name"":""toast"",""count"":1},{""name"":""biscuit"",""count"":1},{""name"":""pepper"",""count"":14},{""name"":""licorice"",""count"":8},{""name"":""mint"",""count"":7},{""name"":""anise"",""count"":4},{""name"":""eucalyptus"",""count"":3},{""name"":""savory"",""count"":2},{""name"":""cinnamon"",""count"":2},{""name"":""red licorice"",""count"":2},{""name"":""dried herbs"",""count"":1},{""name"":""cherry"",""count"":21},{""name"":""red fruit"",""count"":6},{""name"":""raspberry"",""count"":4},{""name"":""red cherry"",""count"":1},{""name"":""strawberry"",""count"":1},{""name"":""cotton candy"",""count"":1},{""name"":""red currant"",""count"":1},{""name"":""cherry cola"",""count"":1},{""name"":""watermelon"",""count"":1},{""name"":""pomegranate"",""count"":1},{""name"":""cream"",""count"":6},{""name"":""yogurt"",""count"":1},{""name"":""campfire"",""count"":1},{""name"":""raisin"",""count"":3},{""name"":""fig"",""count"":2},{""name"":""prune"",""count"":1},{""name"":""bell pepper"",""count"":3},{""name"":""earl grey tea"",""count"":2},{""name"":""asparagus"",""count"":1},{""name"":""red bell pepper"",""count"":1},{""name"":""violet"",""count"":2},{""name"":""rose petal"",""count"":1},{""name"":""lavender"",""count"":1},{""name"":""apple"",""count"":2},{""name"":""cantaloupe"",""count"":1},{""name"":""orange"",""count"":1}]","[{""name"":""leather"",""count"":24},{""name"":""cocoa"",""count"":14},{""name"":""smoke"",""count"":7},{""name"":""cinnamon"",""count"":2},{""name"":""charcoal"",""count"":1},{""name"":""prune"",""count"":1},{""name"":""tobacco"",""count"":25},{""name"":""dark chocolate"",""count"":7},{""name"":""mocha"",""count"":4},{""name"":""savory"",""count"":2},{""name"":""allspice"",""count"":1},{""name"":""tobacco"",""count"":25},{""name"":""vanilla"",""count"":19},{""name"":""smoke"",""count"":7},{""name"":""clove"",""count"":4},{""name"":""mocha"",""count"":4},{""name"":""cedar"",""count"":4},{""name"":""cola"",""count"":3},{""name"":""caramel"",""count"":3},{""name"":""fig"",""count"":2},{""name"":""cinnamon"",""count"":2},{""name"":""incense"",""count"":1},{""name"":""allspice"",""count"":1},{""name"":""coffee"",""count"":1},{""name"":""espresso"",""count"":1},{""name"":""vanilla"",""count"":19},{""name"":""clove"",""count"":4},{""name"":""ginger"",""count"":1},{""name"":""black cherry"",""count"":10},{""name"":""jam"",""count"":4},{""name"":""butter"",""count"":3},{""name"":""mushroom"",""count"":1},{""name"":""toast"",""count"":1},{""name"":""jam"",""count"":4},{""name"":""savory"",""count"":2},{""name"":""savory"",""count"":2}]","n/a","[{""notes"":"" blackberry oak chocolate tobacco leather"",""flavors"":[""chocolate"",""leather"",""oak"",""tobacco"",""blackberry""]},{""notes"":""Lots of consistent fruit. Seems like higher acidity(?). Eye watering in some ways. 24-27 Brix at harvest. "",""flavors"":[]},{""notes"":""tasty. And string.  Licorice and oak.  Bramble and berry.  "",""flavors"":[""bramble"",""licorice"",""oak""]}]","[""A blend of 79% Cabernet Sauvignon, 16% Malbec, 2% Merlot, 1% Cabernet Franc and 2% Petit Verdot, the 2015 J. Davies Diamond Mountain has a deep garnet-purple color and offers up classic black currant, black plum and mulberry scents with hints of cigar box, yeast extract and bay leaves. Medium to full-bodied with a great core of black berry and earthy layers, the fruit is supported by grainy tannins and just enough freshness, finishing with a pleasant herbal lift."",""The baked berry pie flavors are compelling, with blueberry, blackberry and wild berry notes, turning supple and graceful. Impressive, offering drink-me-now allure and cellaring possibilities. Best from 2020 through 2032."",""This blends the main variety with 16% Malbec and smaller pinches of Merlot, Petit Verdot and Cabernet Franc. The resulting wine is robust and well built, softly structured and punctuated in flavors of bold red cherry and plum. Rich, it shows some restraint and ultimately balance, the fruit integrated with oak and tannin."",""Bright and rich, this wine‚Äôs dark-berry flavors are accented by herbal notes of sage and foresty scents of madrone and mushrooms. Those flavors are powerfully compressed even as the wine still feels composed‚Äî‚Äúbig, but not too big,‚Äù as one taster described it. This cabernet is suited to aging, or to a thick-cut sirloin.""]","$104.99","no data, see reviews","no data, see reviews","no data","no data","no data, see structure","no data, see scores","combined with secondary","no data, see reviews","no data, see flavor","no data, see flavor","no data, see flavor","no data, cellar-tracker?","no data, see reviews","no data, see reviews","no data, see reviews","pronounced","no data, see reviews","no data, see professional reviews"
1759897,2842071,"Criots-B√¢tard-Montrachet Grand Cru","","It reveals complex aromas of white fruits combined with hints of vanilla on the nose. It is a very delicate wine with a nice minty finish. A beautiful and promising wine.","https://www.vivino.com/criots-batard-montrachet-grand-cru/w/1759897?year=",4.3,"Criots-B√¢tard-Montrachet Grand Cru, FR Grand Cru","Louis Latour",false,false,false,0,"Burgundy C√¥te de Beaune White","[""Chardonnay""]","[""Pasta"",""Rich fish (salmon, tuna etc)"",""Shellfish"",""Mild and soft cheese"",""Cured Meat""]","low","medium (+)","pronounced","off-dry","n/a",20,"[{""name"":""butter"",""count"":7},{""name"":""oak"",""count"":3},{""name"":""vanilla"",""count"":2},{""name"":""caramel"",""count"":1},{""name"":""butterscotch"",""count"":1},{""name"":""cedar"",""count"":1},{""name"":""honey"",""count"":8},{""name"":""smoke"",""count"":2},{""name"":""earthy"",""count"":1},{""name"":""minerals"",""count"":1},{""name"":""mushroom"",""count"":1},{""name"":""cream"",""count"":3},{""name"":""hazelnut"",""count"":2},{""name"":""toast"",""count"":1},{""name"":""brioche"",""count"":1},{""name"":""almond"",""count"":1},{""name"":""apricot"",""count"":3},{""name"":""apple"",""count"":2},{""name"":""yellow plum"",""count"":1},{""name"":""peach"",""count"":1},{""name"":""pear"",""count"":1},{""name"":""bruised apple"",""count"":1},{""name"":""quince"",""count"":1},{""name"":""straw"",""count"":2},{""name"":""gooseberry"",""count"":1},{""name"":""lemon"",""count"":2},{""name"":""grapefruit"",""count"":1},{""name"":""citrus"",""count"":1},{""name"":""mint"",""count"":1},{""name"":""honeysuckle"",""count"":1},{""name"":""jasmine"",""count"":1},{""name"":""pineapple"",""count"":1}]","[{""name"":""hazelnut"",""count"":2},{""name"":""smoke"",""count"":2},{""name"":""brioche"",""count"":1},{""name"":""almond"",""count"":1},{""name"":""almond"",""count"":1},{""name"":""butter"",""count"":7},{""name"":""toast"",""count"":1},{""name"":""mushroom"",""count"":1},{""name"":""almond"",""count"":1},{""name"":""vanilla"",""count"":2},{""name"":""smoke"",""count"":2},{""name"":""caramel"",""count"":1},{""name"":""cedar"",""count"":1},{""name"":""almond"",""count"":1},{""name"":""vanilla"",""count"":2}]","n/a","[{""notes"":""Very ripe but still with honey note. Soft but sweet tannins. Sugarpuffs..?...kind of mint, supernice texture... And the best is the price : 140.-..!!!"",""flavors"":[""honey"",""mint""]},{""notes"":""This was a stunning white burg. Very rich and an amazing finish that went on for over 45 seconds. Sad to see it empty."",""flavors"":[]},{""notes"":""Amazing white burg. Honey, honeysuckle, hazelnuts, vanilla, fresh finish. Definitely a must try. "",""flavors"":[""honey"",""honeysuckle"",""vanilla"",""hazelnuts""]}]","[""This is a grand cru that shows its intensity and complexity and greatness from the beginning. Blackberry, licorice and stone aromas. Full body and a center palate that shows ripe fruit and full richness. Then the tannins kick in. Great wine. Drink in 2024."","""",""Good though the Chambertin is, the Roman√©e-St-Vivant is the king of the cellar in 2016, soaring from the glass with a pure and creamy bouquet of black cherry, currant, candied peel and subtle spice. Expansive, full-bodied and concentrated, framed by fine but firm tannins, this is really a very serious rendition of what is arguably the finest plot of this great grand cru vineyard.""]","$249.99","no data, see reviews","no data, see reviews","no data","no data","no data, see structure","no data, see scores","combined with secondary","no data, see reviews","no data, see flavor","no data, see flavor","no data, see flavor","no data, cellar-tracker?","no data, see reviews","no data, see reviews","no data, see reviews","pronounced","no data, see reviews","no data, see professional reviews"
5031956,148388043,"Weber Vineyard Pinot Noir",""," Combining darker, brooding notes of cedar, smoke, tobacco and earth with lithe, bright florals and hints of grapefruit, this compelling wines speaks volumes about what this vintage has to offer. Abundant aromatics leads to a persistent, delicate and layered finish.","https://www.vivino.com/weber-vineyard-pinot-noir/w/5031956?year=",4,"Dundee Hills, US AVA","Winderlea",false,false,false,14.2,"Oregon Pinot Noir","[""Pinot Noir""]","[""Beef"",""Veal"",""Game (deer, venison)"",""Poultry""]","high","high","medium","dry","medium (-)",7,"[{""name"":""earthy"",""count"":3},{""name"":""charcoal"",""count"":1},{""name"":""minerals"",""count"":1},{""name"":""raspberry"",""count"":2},{""name"":""strawberry"",""count"":1},{""name"":""oak"",""count"":1},{""name"":""cinnamon"",""count"":1},{""name"":""rhubarb"",""count"":1}]","[{""name"":""charcoal"",""count"":1},{""name"":""cinnamon"",""count"":1},{""name"":""cinnamon"",""count"":1}]","n/a","[{""notes"":""Nice wine with great aromas and smooth silky taste, and hints of oak and a little spice and earthy very enjoyable."",""flavors"":[""earthy"",""oak""]},{""notes"":""Drinking well now, this wine shows bright red fruits with a solid structure and a nice finish. A good food wine."",""flavors"":[]},{""notes"":""3.9  nice earthy tones. Typical Oregon Pinot."",""flavors"":[""earthy""]}]","[""The 2014 Pinot Noir Winderlea Vineyard Legacy was picked 19-27 September, just before the storm hit when the vines were beginning to show some botrytis. It was matured for 12 months with 28% new oak. It has a lovely bouquet, very pure and quite minerally, lifted Morello and strawberry fruit that is very detailed and utterly charming. The palate is medium-bodied fine and supple tannin, a keen line of acidity, balanced with fresh brambly red fruit and my only quibble is that it cuts away abruptly on the finish, hurrying out the door as if it has somewhere else to go. Even though it does not have the persistence, it is still a commendable Pinot Noir, one that I would prefer to drink in its youth rather than cellar.""]","$43.75","no data, see reviews","no data, see reviews","no data","no data","no data, see structure","no data, see scores","combined with secondary","no data, see reviews","no data, see flavor","no data, see flavor","no data, see flavor","no data, cellar-tracker?","no data, see reviews","no data, see reviews","no data, see reviews","medium","no data, see reviews","no data, see professional reviews"
2002315,4710668,"Old Vine Reserve Zinfandel","","","https://www.vivino.com/old-vine-reserve-zinfandel/w/2002315?year=",3.9,"Amador County, US County","Scott Harvey",false,false,false,14,"Californian Zinfandel","[""Zinfandel""]","[""Beef"",""Lamb"",""Poultry""]","medium","medium (-)","pronounced","medium dry","medium",19,"[{""name"":""oak"",""count"":4},{""name"":""tobacco"",""count"":2},{""name"":""vanilla"",""count"":2},{""name"":""nutmeg"",""count"":1},{""name"":""raspberry"",""count"":3},{""name"":""cherry"",""count"":2},{""name"":""red fruit"",""count"":1},{""name"":""bing cherry"",""count"":1},{""name"":""pomegranate"",""count"":1},{""name"":""earthy"",""count"":2},{""name"":""smoke"",""count"":1},{""name"":""nutty"",""count"":1},{""name"":""blackberry"",""count"":2},{""name"":""dark fruit"",""count"":1},{""name"":""pepper"",""count"":1}]","[{""name"":""smoke"",""count"":1},{""name"":""tobacco"",""count"":2},{""name"":""tobacco"",""count"":2},{""name"":""vanilla"",""count"":2},{""name"":""nutmeg"",""count"":1},{""name"":""smoke"",""count"":1},{""name"":""vanilla"",""count"":2},{""name"":""nutmeg"",""count"":1}]","n/a","[{""notes"":""dry"",""flavors"":[]},{""notes"":""Fabulous old vine Zin..."",""flavors"":[]},{""notes"":""Really smooth and sweet in the mouth with not much tannins but round and chewy. Really nice and easy to drink . A real pleasure ."",""flavors"":[]}]","[""COMMENTARY: The 2017 Scott Harvey Old Vine Reserve Zinfandel shows excellent richness and balance. TASTING NOTES: This wine exhibits aromas and flavors of blackberries and jam that stay attractive through the wine's finish. Pair it with braised short ribs. (Tasted: April 19, 2020, San Francisco, CA)"",""This full-bodied wine mouths ultra ripe blackberry and boysenberry on a big frame of alcohol and tannins for maximum palate impact It is concentrated, brambly, deep and bold in flavor. Best through 2027.""]","$29.99","no data, see reviews","no data, see reviews","no data","no data","no data, see structure","no data, see scores","combined with secondary","no data, see reviews","no data, see flavor","no data, see flavor","no data, see flavor","no data, cellar-tracker?","no data, see reviews","no data, see reviews","no data, see reviews","pronounced","no data, see reviews","no data, see professional reviews"
6113305,156232116,"Pinot Noir","","","https://www.vivino.com/pinot-noir/w/6113305?year=",0,"Sonoma Coast, US AVA","Sea Bird",false,false,false,0,"Californian Pinot Noir","[""Pinot Noir""]","[""Beef"",""Veal"",""Game (deer, venison)"",""Poultry""]","low","high","medium (+)","dry","medium (-)",0,"[{""name"":""red cherry"",""count"":1},{""name"":""white pepper"",""count"":1},{""name"":""dried rose"",""count"":1},{""name"":""rose petal"",""count"":1},{""name"":""vanilla"",""count"":1},{""name"":""cedar"",""count"":1}]","[{""name"":""vanilla"",""count"":1},{""name"":""vanilla"",""count"":1},{""name"":""cedar"",""count"":1}]","n/a","[{""notes"":""Slight floral nose, dried rose petal, dark cherry, on the palate is red cherry, light cedar, vanilla, white pepper spice.Light/med body, med acid, nice balance. "",""flavors"":[""cedar"",""red cherry"",""dried rose"",""rose petal"",""white pepper"",""vanilla""]}]","[""A vibrant, red-fruited style of pinot that has a wealth of gently grippy tannins and a convincingly long palate that holds a clear, juicy finish.""]","$42.99","no data, see reviews","no data, see reviews","no data","no data","no data, see structure","no data, see scores","combined with secondary","no data, see reviews","no data, see flavor","no data, see flavor","no data, see flavor","no data, cellar-tracker?","no data, see reviews","no data, see reviews","no data, see reviews","medium (+)","no data, see reviews","no data, see professional reviews"